DATE,CAD1MTD156N,CAD2MTD156N,CAD3MTD156N,CAD4MTD156N,CAD5MTD156N,CAD6MTD156N,CAD7MTD156N,CAD8MTD156N,CAD9MTD156N,CAD10MD156N,CAD11MD156N,CAD12MD156N
2004-05-17,2.11333,2.11667,2.125,2.155,2.18333,2.22333,2.26333,2.30833,2.35667,2.39833,2.44667,2.495
2004-05-18,2.105,2.115,2.12,2.15333,2.18333,2.215,2.26,2.30833,2.35833,2.4,2.44667,2.49167
2004-05-19,2.10167,2.11167,2.12833,2.16,2.19167,2.23,2.28,2.33333,2.38667,2.43667,2.48167,2.53667
2004-05-20,2.10167,2.11167,2.12667,2.16167,2.19667,2.24,2.29333,2.34333,2.395,2.45167,2.50167,2.55667
2004-05-21,2.095,2.10833,2.12,2.15167,2.185,2.22,2.27,2.32,2.37333,2.42667,2.47833,2.53167
2004-05-24,2.09833,2.11167,2.12333,2.15667,2.19,2.22333,2.27167,2.32333,2.37667,2.43667,2.49167,2.55167
2004-05-25,2.095,2.11167,2.125,2.15833,2.19167,2.22167,2.27,2.32167,2.37167,2.43167,2.48833,2.54667
2004-05-26,2.09167,2.11167,2.13167,2.16833,2.21167,2.25833,2.31,2.36667,2.42,2.48,2.54,2.59833
2004-05-27,2.09,2.10833,2.12833,2.165,2.20667,2.25,2.305,2.35667,2.41,2.46667,2.525,2.58667
2004-05-28,2.09167,2.11,2.125,2.16,2.19333,2.23,2.27333,2.32667,2.37833,2.43333,2.49,2.54833
2004-06-01,2.08333,2.10167,2.12167,2.15833,2.20333,2.245,2.29333,2.34167,2.39667,2.45667,2.51667,2.57667
2004-06-02,2.07,2.09833,2.12167,2.16333,2.21167,2.26167,2.32,2.375,2.43167,2.48833,2.54833,2.61
2004-06-03,2.06667,2.09333,2.125,2.17,2.21667,2.265,2.31833,2.37667,2.43,2.485,2.545,2.61
2004-06-04,2.06667,2.09333,2.13,2.17667,2.22667,2.27833,2.33333,2.39167,2.45,2.50667,2.56667,2.62833
2004-06-07,2.06833,2.10333,2.15167,2.21167,2.265,2.32333,2.38833,2.455,2.525,2.59333,2.65833,2.72667
2004-06-08,2.07,2.10667,2.15667,2.21833,2.275,2.34167,2.40833,2.47833,2.55,2.62,2.68833,2.75833
2004-06-09,2.06667,2.1,2.145,2.20333,2.25833,2.32,2.385,2.45167,2.525,2.59333,2.66167,2.73333
2004-06-10,2.065,2.10167,2.14667,2.20667,2.26,2.325,2.39667,2.47,2.545,2.61333,2.685,2.76333
2004-06-11,2.06167,2.1,2.15167,2.21667,2.27667,2.345,2.41833,2.49,2.56833,2.64167,2.71833,2.795
2004-06-14,2.06667,2.10667,2.16333,2.23333,2.295,2.37167,2.45167,2.53333,2.62333,2.70333,2.77833,2.85667
2004-06-15,2.07,2.11,2.18167,2.25,2.31333,2.385,2.46833,2.54667,2.63667,2.715,2.795,2.87333
2004-06-16,2.06833,2.10667,2.17167,2.23833,2.295,2.35833,2.42833,2.50167,2.58167,2.66167,2.74167,2.825
2004-06-17,2.06833,2.10833,2.17167,2.23667,2.29667,2.35833,2.425,2.50167,2.58333,2.66667,2.74833,2.82667
2004-06-18,2.075,2.10667,2.17,2.23333,2.29333,2.355,2.425,2.51167,2.59,2.67,2.74833,2.83333
2004-06-21,2.07667,2.10667,2.17,2.23667,2.3,2.36167,2.43333,2.52167,2.605,2.68,2.75667,2.83333
2004-06-22,2.075,2.10667,2.17167,2.23667,2.3,2.36333,2.43833,2.51833,2.6,2.67667,2.75167,2.83167
2004-06-23,2.07333,2.10667,2.175,2.23833,2.30167,2.36333,2.43167,2.51167,2.59167,2.67333,2.75,2.83
2004-06-24,2.06833,2.10333,2.16833,2.23333,2.295,2.35667,2.42667,2.50667,2.58333,2.665,2.74333,2.82833
2004-06-25,2.06833,2.10833,2.16667,2.22667,2.28333,2.34333,2.41833,2.49,2.56167,2.64333,2.72667,2.805
2004-06-28,2.06667,2.10333,2.16333,2.21833,2.26833,2.31167,2.38667,2.45833,2.52667,2.61167,2.685,2.76
2004-06-29,2.065,2.10333,2.15833,2.22,2.27333,2.32667,2.39833,2.47333,2.55167,2.63167,2.70833,2.79667
2004-06-30,2.065,2.10333,2.155,2.215,2.27,2.33167,2.405,2.4775,2.55667,2.635,2.71333,2.79833
2004-07-01,2.06667,2.095,2.13833,2.195,2.25,2.31167,2.37667,2.445,2.51333,2.59,2.66833,2.75
2004-07-02,2.065,2.09333,2.13833,2.19167,2.25167,2.31333,2.37833,2.44667,2.51667,2.59,2.67,2.74667
2004-07-05,2.06,2.08667,2.12,2.165,2.215,2.27,2.32833,2.39,2.45,2.51833,2.59167,2.665
2004-07-06,2.06167,2.08667,2.115,2.16167,2.215,2.26833,2.32333,2.385,2.44833,2.51667,2.59,2.66333
2004-07-07,2.06,2.09167,2.12,2.16333,2.215,2.26667,2.32667,2.38667,2.445,2.51,2.58167,2.65167
2004-07-08,2.06167,2.09,2.12167,2.16333,2.21333,2.26333,2.32333,2.38333,2.44333,2.51,2.57833,2.645
2004-07-09,2.06,2.09,2.12,2.16167,2.21,2.26,2.32,2.38,2.44167,2.505,2.57333,2.63833
2004-07-12,2.06167,2.09,2.12333,2.16833,2.22667,2.27833,2.33333,2.38833,2.44667,2.51,2.57333,2.645
2004-07-13,2.06083,2.09167,2.13083,2.185,2.245,2.31,2.37,2.42833,2.49333,2.55667,2.62333,2.68667
2004-07-14,2.06083,2.09333,2.13667,2.19167,2.25333,2.325,2.38833,2.45,2.51167,2.57333,2.64167,2.70833
2004-07-15,2.0675,2.10167,2.14833,2.20833,2.275,2.34667,2.41,2.47833,2.545,2.61,2.68,2.75333
2004-07-16,2.07533,2.10767,2.15467,2.22,2.29,2.36083,2.42667,2.49667,2.565,2.63,2.7,2.765
2004-07-19,2.07167,2.10167,2.15333,2.21167,2.28,2.35167,2.40833,2.46667,2.525,2.58833,2.65333,2.72333
2004-07-20,2.07083,2.10333,2.15667,2.22167,2.29,2.36,2.41833,2.48,2.54083,2.6,2.66833,2.73417
2004-07-21,2.065,2.1,2.16,2.23,2.3,2.37667,2.44,2.50333,2.565,2.62833,2.69167,2.75833
2004-07-22,2.06333,2.09917,2.16,2.23167,2.30167,2.38,2.44167,2.50383,2.56917,2.63667,2.69833,2.765
2004-07-23,2.06167,2.1,2.16,2.23667,2.30667,2.38333,2.44333,2.505,2.57333,2.63667,2.70333,2.76833
2004-07-26,2.06167,2.09833,2.15833,2.235,2.30833,2.375,2.43833,2.50333,2.57167,2.63667,2.7,2.76667
2004-07-27,2.06,2.1,2.16333,2.24,2.31333,2.38667,2.45167,2.51833,2.585,2.655,2.72,2.78667
2004-07-28,2.06333,2.105,2.16833,2.24667,2.32333,2.40167,2.47167,2.53833,2.60667,2.67667,2.75,2.82167
2004-07-29,2.06333,2.11333,2.17333,2.25167,2.32833,2.40667,2.47667,2.545,2.615,2.68333,2.755,2.82667
2004-07-30,2.06167,2.115,2.17833,2.25333,2.33167,2.40833,2.47333,2.54,2.60833,2.675,2.74333,2.81333
2004-08-02,2.065,2.11667,2.17167,2.24833,2.32333,2.39667,2.455,2.515,2.57333,2.63833,2.70333,2.77
2004-08-03,2.06,2.11333,2.17167,2.25333,2.32667,2.395,2.455,2.51167,2.57667,2.64,2.7,2.77333
2004-08-04,2.05833,2.105,2.15667,2.225,2.28667,2.34833,2.40333,2.46,2.515,2.58,2.64667,2.715
2004-08-05,2.06,2.10667,2.15833,2.23,2.29333,2.355,2.41167,2.465,2.51833,2.58167,2.645,2.71833
2004-08-06,2.05833,2.10333,2.15833,2.225,2.28667,2.34333,2.40333,2.46,2.51833,2.58,2.64333,2.71
2004-08-09,2.05667,2.09333,2.125,2.16333,2.20333,2.24667,2.28333,2.325,2.36333,2.42167,2.47833,2.54
2004-08-10,2.05667,2.09333,2.125,2.16667,2.21333,2.25833,2.3,2.34333,2.38667,2.43833,2.49333,2.55667
2004-08-11,2.06,2.09833,2.13833,2.18333,2.23333,2.29167,2.33833,2.38833,2.44167,2.49667,2.555,2.62
2004-08-12,2.05833,2.10167,2.14167,2.19,2.24167,2.29333,2.34167,2.38833,2.44167,2.49833,2.555,2.62
2004-08-13,2.06,2.10167,2.145,2.19333,2.24333,2.29667,2.345,2.39,2.44,2.495,2.55,2.61667
2004-08-16,2.06,2.10333,2.15667,2.20667,2.25667,2.31,2.35667,2.405,2.45667,2.50833,2.56667,2.62667
2004-08-17,2.06333,2.115,2.17167,2.23333,2.29667,2.35667,2.405,2.45167,2.5,2.55833,2.61833,2.67833
2004-08-18,2.06333,2.11833,2.17833,2.235,2.29333,2.34833,2.39667,2.44333,2.49,2.54167,2.59333,2.645
2004-08-19,2.06667,2.12167,2.18167,2.245,2.30667,2.36,2.41,2.46167,2.51167,2.56333,2.615,2.67
2004-08-20,2.065,2.11667,2.17333,2.23167,2.28,2.335,2.38333,2.43167,2.48333,2.53833,2.59167,2.64333
2004-08-23,2.065,2.12167,2.17833,2.23333,2.28333,2.345,2.395,2.44833,2.49667,2.54833,2.6,2.65167
2004-08-24,2.07,2.12667,2.18333,2.24667,2.305,2.37333,2.42333,2.47333,2.52167,2.57833,2.63167,2.685
2004-08-25,2.10667,2.16833,2.235,2.3,2.36833,2.44,2.49167,2.545,2.59833,2.65,2.7,2.75
2004-08-26,2.12333,2.2,2.265,2.33333,2.40167,2.46833,2.525,2.575,2.62667,2.685,2.73833,2.79167
2004-08-27,2.145,2.20833,2.27667,2.34667,2.41333,2.48167,2.53333,2.585,2.63667,2.69333,2.745,2.80167
2004-08-31,2.16333,2.23833,2.32,2.38333,2.44667,2.51,2.565,2.61667,2.66667,2.71167,2.76167,2.81167
2004-09-01,2.16667,2.22833,2.31,2.36833,2.42833,2.49,2.54167,2.58833,2.635,2.67833,2.72333,2.76667
2004-09-02,2.18833,2.24667,2.33167,2.39667,2.46,2.52167,2.56667,2.61667,2.66333,2.70833,2.75333,2.80167
2004-09-03,2.21333,2.28167,2.36333,2.43333,2.5,2.56,2.605,2.65333,2.70333,2.75167,2.8,2.84833
2004-09-06,2.25667,2.33667,2.41,2.485,2.56333,2.63167,2.69,2.74333,2.8,2.85167,2.90833,2.965
2004-09-07,2.26667,2.34333,2.41667,2.49167,2.56333,2.63333,2.69167,2.75,2.80833,2.86,2.91167,2.97
2004-09-08,2.275,2.35167,2.42333,2.49833,2.56833,2.64,2.70167,2.76333,2.82167,2.87333,2.92667,2.98667
2004-09-09,2.28333,2.36833,2.43667,2.505,2.575,2.64333,2.7,2.75833,2.81667,2.87,2.925,2.97833
2004-09-10,2.28167,2.37167,2.44,2.50667,2.57333,2.645,2.7,2.76,2.815,2.86833,2.92667,2.98
2004-09-13,2.28167,2.36833,2.43667,2.49833,2.56,2.61833,2.675,2.72833,2.78333,2.82833,2.88,2.92833
2004-09-14,2.28,2.36667,2.435,2.5,2.56667,2.62667,2.67833,2.72667,2.77333,2.825,2.87333,2.915
2004-09-15,2.28333,2.37167,2.44,2.50667,2.57,2.63,2.68333,2.73333,2.77667,2.82667,2.87667,2.91833
2004-09-16,2.295,2.39167,2.45667,2.515,2.58167,2.64167,2.695,2.74333,2.79167,2.84333,2.895,2.94667
2004-09-17,2.295,2.39333,2.455,2.515,2.57833,2.63667,2.68,2.72667,2.775,2.82333,2.87167,2.91667
2004-09-20,2.295,2.39333,2.45667,2.50833,2.56833,2.62167,2.665,2.70833,2.75333,2.8,2.845,2.88833
2004-09-21,2.30167,2.41,2.47,2.52,2.57833,2.62833,2.66833,2.71667,2.76333,2.80833,2.85333,2.895
2004-09-22,2.31,2.44,2.49,2.54667,2.60833,2.665,2.715,2.76667,2.82,2.86167,2.91,2.95333
2004-09-23,2.31167,2.44167,2.49333,2.55333,2.61167,2.66833,2.71667,2.76667,2.81833,2.86,2.905,2.95
2004-09-24,2.32167,2.45,2.51333,2.57167,2.63167,2.69167,2.74167,2.79167,2.84333,2.88667,2.935,2.98167
2004-09-27,2.32,2.455,2.52,2.58167,2.64167,2.70333,2.75333,2.80333,2.855,2.9,2.94667,2.99167
2004-09-28,2.33333,2.45833,2.52333,2.585,2.64667,2.70833,2.75833,2.80667,2.855,2.89833,2.94167,2.98833
2004-09-29,2.35,2.46,2.53333,2.59,2.645,2.70333,2.75333,2.80167,2.84667,2.89,2.93167,2.97333
2004-09-30,2.37333,2.46833,2.545,2.60333,2.66,2.72333,2.77167,2.82333,2.87167,2.91167,2.95667,3.00167
2004-10-01,2.38667,2.47167,2.55667,2.61167,2.66833,2.72333,2.77167,2.82167,2.87167,2.91167,2.95333,3
2004-10-04,2.39,2.47667,2.56333,2.62333,2.67833,2.745,2.795,2.84333,2.88667,2.93,2.97333,3.03
2004-10-05,2.41167,2.47667,2.57,2.62833,2.68333,2.74833,2.79833,2.84667,2.89,2.93833,2.985,3.03833
2004-10-06,2.44833,2.495,2.57833,2.63333,2.68833,2.75,2.79667,2.84667,2.89667,2.94,2.985,3.035
2004-10-07,2.49,2.52833,2.60167,2.655,2.71333,2.775,2.82,2.86667,2.92167,2.95833,3.00167,3.05667
2004-10-08,2.49667,2.53667,2.60833,2.66,2.71833,2.77667,2.82167,2.87,2.92,2.96167,3.00667,3.06
2004-10-11,2.51667,2.545,2.60333,2.66,2.715,2.77333,2.81167,2.855,2.89667,2.93667,2.98,3.02667
2004-10-12,2.515,2.54667,2.605,2.65833,2.71,2.76833,2.80833,2.85,2.89333,2.935,2.97667,3.02
2004-10-13,2.51833,2.55667,2.60333,2.65833,2.70333,2.75333,2.79833,2.84,2.875,2.91333,2.95333,2.99167
2004-10-14,2.52333,2.55667,2.60833,2.655,2.70167,2.74333,2.785,2.82,2.86,2.895,2.92667,2.965
2004-10-15,2.52833,2.55667,2.60667,2.64833,2.69,2.73167,2.76333,2.79667,2.835,2.86333,2.89833,2.93833
2004-10-18,2.53,2.56,2.62,2.65833,2.7,2.74167,2.78,2.81333,2.84833,2.87833,2.91167,2.95
2004-10-19,2.52667,2.56333,2.62,2.66,2.70333,2.745,2.78,2.815,2.85,2.88333,2.91667,2.95167
2004-10-20,2.54,2.57167,2.625,2.67,2.71167,2.75667,2.79,2.825,2.86,2.89667,2.935,2.97167
2004-10-21,2.54333,2.57833,2.63,2.66667,2.70167,2.73167,2.76667,2.80333,2.83833,2.87167,2.90833,2.945
2004-10-22,2.55,2.58,2.64333,2.67667,2.71,2.74167,2.77333,2.81,2.84667,2.88,2.91333,2.95167
2004-10-25,2.55333,2.58,2.64833,2.68,2.71167,2.74333,2.77333,2.80167,2.83333,2.86333,2.89667,2.92833
2004-10-26,2.57333,2.585,2.65,2.68,2.71333,2.74167,2.76833,2.795,2.82333,2.85333,2.885,2.92333
2004-10-27,2.57833,2.59333,2.66167,2.695,2.72833,2.765,2.78667,2.81333,2.84,2.87167,2.90333,2.94167
2004-10-28,2.585,2.63333,2.69667,2.72667,2.75333,2.79,2.82167,2.85667,2.89,2.925,2.955,2.99
2004-10-29,2.57833,2.64167,2.7,2.73833,2.775,2.81167,2.845,2.875,2.91167,2.945,2.97667,3.01
2004-11-01,2.57667,2.65,2.70167,2.745,2.785,2.82667,2.85833,2.89333,2.925,2.96,2.995,3.03167
2004-11-02,2.57833,2.66,2.715,2.76,2.80667,2.85167,2.88167,2.91667,2.95,2.98667,3.02167,3.05833
2004-11-03,2.575,2.665,2.72333,2.77667,2.825,2.87833,2.915,2.95167,2.98833,3.02333,3.055,3.09
2004-11-04,2.57167,2.675,2.73333,2.78167,2.83,2.88,2.91167,2.94833,2.98333,3.01333,3.04667,3.08333
2004-11-05,2.57167,2.67667,2.73667,2.78333,2.835,2.885,2.92,2.95333,2.98833,3.02333,3.05833,3.08833
2004-11-08,2.58167,2.68167,2.76,2.82167,2.87833,2.94167,2.98333,3.02333,3.06667,3.1,3.13667,3.17
2004-11-09,2.58333,2.68,2.76,2.81667,2.875,2.93833,2.97833,3.02,3.06167,3.095,3.13,3.165
2004-11-10,2.58333,2.68667,2.765,2.82167,2.88,2.94167,2.98,3.02,3.06167,3.1,3.13667,3.17333
2004-11-11,2.59333,2.69,2.76167,2.82,2.875,2.93833,2.97833,3.01667,3.06,3.09667,3.13333,3.16833
2004-11-12,2.59167,2.69333,2.765,2.81833,2.87333,2.935,2.97833,3.01833,3.06167,3.09667,3.13167,3.165
2004-11-15,2.59167,2.69333,2.76,2.81167,2.86167,2.91333,2.95333,2.99333,3.03333,3.06667,3.1,3.13333
2004-11-16,2.6,2.69833,2.76,2.81,2.86,2.91167,2.95,2.99,3.03,3.06833,3.10167,3.13333
2004-11-17,2.61,2.705,2.765,2.81833,2.86833,2.92333,2.96,3.00167,3.045,3.08333,3.11833,3.15167
2004-11-18,2.60667,2.705,2.75667,2.79333,2.835,2.88,2.91,2.94167,2.97333,3.005,3.03833,3.07167
2004-11-19,2.61333,2.705,2.76,2.8,2.84,2.88,2.91167,2.94667,2.98,3.01,3.04333,3.075
2004-11-22,2.63333,2.71167,2.765,2.80333,2.83833,2.88,2.91667,2.95333,2.98833,3.02,3.05333,3.08333
2004-11-23,2.65,2.73,2.77667,2.81167,2.845,2.88667,2.91833,2.94833,2.98667,3.01667,3.05167,3.09
2004-11-24,2.66,2.73667,2.775,2.805,2.835,2.865,2.89667,2.93,2.96333,2.99333,3.02833,3.06
2004-11-25,2.62167,2.66667,2.69,2.715,2.72833,2.75167,2.78667,2.82167,2.85333,2.88667,2.92333,2.96167
2004-11-26,2.61,2.66,2.68333,2.70167,2.71,2.73333,2.75667,2.78167,2.805,2.83667,2.87333,2.905
2004-11-29,2.61667,2.65833,2.68167,2.7,2.71667,2.73167,2.75667,2.78333,2.80833,2.84,2.87333,2.905
2004-11-30,2.645,2.67333,2.695,2.71167,2.72833,2.74667,2.77,2.795,2.82333,2.85167,2.88,2.91167
2004-12-01,2.64,2.65,2.66167,2.675,2.68667,2.70333,2.72667,2.74833,2.76883,2.79167,2.81667,2.845
2004-12-02,2.645,2.655,2.66667,2.68,2.69167,2.70333,2.72333,2.74667,2.77333,2.79833,2.82333,2.85167
2004-12-03,2.655,2.67333,2.685,2.7,2.71167,2.725,2.74667,2.76833,2.79333,2.82,2.845,2.87167
2004-12-06,2.64,2.645,2.64833,2.65667,2.66167,2.66833,2.68167,2.69667,2.71333,2.73333,2.755,2.78
2004-12-07,2.63833,2.64833,2.66,2.67,2.67667,2.68667,2.69667,2.71167,2.73,2.75,2.77,2.79167
2004-12-08,2.62667,2.64,2.65,2.65333,2.65667,2.66333,2.67333,2.68333,2.695,2.71167,2.73333,2.755
2004-12-09,2.625,2.64167,2.65833,2.65833,2.66333,2.67167,2.68,2.68667,2.69667,2.71833,2.73833,2.75833
2004-12-10,2.62667,2.64833,2.665,2.67167,2.67833,2.68833,2.69667,2.71,2.72167,2.74,2.76,2.78
2004-12-13,2.62,2.64,2.66167,2.67,2.68,2.69167,2.7,2.71,2.725,2.745,2.76833,2.78833
2004-12-14,2.62,2.64333,2.66,2.67,2.68167,2.69167,2.7,2.71167,2.73,2.75,2.77167,2.79
2004-12-15,2.62167,2.63667,2.65333,2.66,2.66917,2.67667,2.685,2.69333,2.70333,2.72167,2.74333,2.76333
2004-12-16,2.62167,2.63667,2.655,2.66333,2.66917,2.675,2.68333,2.69333,2.70333,2.72167,2.74,2.76
2004-12-17,2.62,2.63167,2.65167,2.66167,2.67167,2.67833,2.69,2.70167,2.71333,2.73,2.75,2.77167
2004-12-20,2.625,2.635,2.655,2.67,2.68333,2.69833,2.71167,2.73,2.75,2.775,2.795,2.82333
2004-12-21,2.63,2.64167,2.65667,2.67333,2.68667,2.7,2.715,2.73,2.74667,2.77,2.795,2.82833
2004-12-22,2.62833,2.64,2.65667,2.675,2.69,2.70667,2.71833,2.73333,2.75167,2.775,2.8,2.825
2004-12-23,2.62667,2.64167,2.655,2.67333,2.68667,2.70333,2.71667,2.73333,2.75167,2.77667,2.805,2.835
2004-12-24,2.62833,2.64,2.65,2.665,2.68,2.69667,2.71333,2.73333,2.75,2.77333,2.80333,2.82833
2004-12-29,2.61833,2.635,2.65167,2.66833,2.68333,2.70167,2.71833,2.735,2.75333,2.77833,2.80167,2.83
2004-12-30,2.61333,2.635,2.65333,2.66833,2.68,2.70167,2.71667,2.73167,2.75167,2.77667,2.80333,2.83333
2004-12-31,2.615,2.63167,2.65,2.665,2.68,2.7,2.71333,2.72833,2.74333,2.77167,2.8,2.82333
2005-01-04,2.605,2.62333,2.64333,2.66,2.67833,2.69833,2.715,2.72833,2.7425,2.7675,2.79667,2.825
2005-01-05,2.6,2.62167,2.64417,2.66333,2.68333,2.705,2.72417,2.74333,2.765,2.79167,2.82333,2.85167
2005-01-06,2.59333,2.62,2.645,2.665,2.6825,2.7,2.72167,2.74333,2.76333,2.79167,2.82333,2.85
2005-01-07,2.59,2.61833,2.64167,2.66,2.6775,2.695,2.71333,2.73167,2.75167,2.78,2.81167,2.84167
2005-01-10,2.58667,2.615,2.63667,2.66333,2.68833,2.71333,2.73833,2.77,2.79667,2.82833,2.86,2.895
2005-01-11,2.585,2.61667,2.63667,2.66667,2.69167,2.71833,2.74667,2.78167,2.81333,2.84333,2.87667,2.91333
2005-01-12,2.585,2.61333,2.635,2.66667,2.69333,2.72167,2.75167,2.78167,2.81667,2.84833,2.87833,2.91333
2005-01-13,2.58167,2.60833,2.63333,2.65833,2.68667,2.71667,2.74333,2.77333,2.80333,2.83167,2.86333,2.89833
2005-01-14,2.57833,2.60667,2.62667,2.65167,2.675,2.695,2.72,2.74833,2.77667,2.80333,2.83333,2.86167
2005-01-17,2.57833,2.60667,2.625,2.65,2.675,2.695,2.72167,2.74667,2.77333,2.8,2.83167,2.86
2005-01-18,2.58,2.605,2.625,2.645,2.67,2.68833,2.71333,2.74,2.76833,2.79667,2.82667,2.85667
2005-01-19,2.57833,2.60167,2.62167,2.64167,2.65833,2.67167,2.6925,2.715,2.73917,2.76667,2.79667,2.82667
2005-01-20,2.57667,2.60167,2.62,2.63667,2.65167,2.66833,2.68667,2.70833,2.72833,2.75667,2.78667,2.81667
2005-01-21,2.58,2.6,2.61833,2.63667,2.65167,2.665,2.68333,2.705,2.72833,2.75833,2.78833,2.815
2005-01-24,2.58,2.59833,2.6175,2.63417,2.64833,2.66583,2.68167,2.705,2.72833,2.75333,2.785,2.815
2005-01-25,2.58333,2.60167,2.61667,2.6325,2.64667,2.66333,2.6825,2.70583,2.73333,2.76083,2.79167,2.82
2005-01-26,2.58167,2.59667,2.60667,2.61833,2.625,2.635,2.65167,2.67,2.68667,2.71,2.73833,2.76333
2005-01-27,2.58333,2.5925,2.60083,2.61083,2.62,2.63,2.64333,2.65333,2.66667,2.69,2.715,2.74167
2005-01-28,2.59,2.60167,2.61667,2.62833,2.64167,2.65833,2.67667,2.6975,2.71833,2.74833,2.78167,2.81667
2005-01-31,2.5975,2.60417,2.61583,2.63167,2.64333,2.66,2.68,2.69833,2.71833,2.74667,2.77667,2.81167
2005-02-01,2.5975,2.605,2.61583,2.62833,2.64083,2.66,2.68,2.69917,2.72,2.74917,2.78,2.81333
2005-02-02,2.58667,2.5975,2.6125,2.62583,2.64,2.66,2.68,2.7,2.72,2.75,2.78,2.815
2005-02-03,2.58083,2.5975,2.615,2.6275,2.64333,2.66167,2.68333,2.70333,2.72667,2.75667,2.78833,2.82417
2005-02-04,2.57833,2.59583,2.61167,2.62583,2.64333,2.66167,2.69083,2.7175,2.74667,2.77833,2.81167,2.84667
2005-02-07,2.575,2.59417,2.61,2.62333,2.6375,2.65333,2.67667,2.69833,2.72,2.75,2.78,2.81833
2005-02-08,2.57917,2.59417,2.61,2.62333,2.635,2.65333,2.68,2.7075,2.735,2.76833,2.79917,2.83167
2005-02-09,2.58167,2.59333,2.60917,2.62167,2.6375,2.655,2.68333,2.71333,2.74667,2.77667,2.80833,2.84583
2005-02-10,2.58333,2.59667,2.61,2.62333,2.63583,2.655,2.68167,2.7075,2.735,2.765,2.79333,2.83167
2005-02-11,2.58833,2.59917,2.61,2.625,2.64167,2.65917,2.68167,2.71083,2.7375,2.7675,2.79667,2.83667
2005-02-14,2.59167,2.60333,2.61333,2.62833,2.645,2.665,2.69167,2.72,2.74667,2.77667,2.81,2.85
2005-02-15,2.595,2.60333,2.61167,2.62667,2.64,2.66,2.68333,2.71167,2.74,2.77,2.8,2.835
2005-02-16,2.59667,2.605,2.61833,2.63,2.64167,2.66167,2.685,2.71333,2.74,2.77,2.80167,2.83833
2005-02-17,2.6,2.61,2.62,2.635,2.655,2.67667,2.705,2.73667,2.77,2.80167,2.83333,2.86833
2005-02-18,2.60167,2.61,2.625,2.64333,2.66667,2.695,2.72667,2.76,2.79667,2.82833,2.86167,2.89167
2005-02-21,2.60333,2.61,2.62667,2.64833,2.675,2.70667,2.73833,2.77083,2.81,2.84333,2.88,2.92
2005-02-22,2.6,2.61,2.62417,2.64667,2.67,2.7,2.73167,2.76667,2.80167,2.84,2.87333,2.90667
2005-02-23,2.59667,2.60333,2.615,2.63,2.65,2.67,2.7,2.7325,2.755,2.78667,2.82,2.85667
2005-02-24,2.5975,2.6075,2.61833,2.6375,2.66,2.6825,2.715,2.74833,2.78333,2.81667,2.85333,2.89333
2005-02-25,2.59833,2.61,2.62,2.64,2.66667,2.695,2.73,2.76833,2.80667,2.84,2.87583,2.91167
2005-02-28,2.6,2.61,2.62,2.64,2.66333,2.69,2.725,2.75833,2.79667,2.83,2.86333,2.90167
2005-03-01,2.60167,2.61167,2.62333,2.64333,2.66667,2.69333,2.72333,2.75833,2.79667,2.82833,2.86333,2.90333
2005-03-02,2.61,2.615,2.62667,2.645,2.66833,2.69667,2.72833,2.76167,2.8,2.83,2.86333,2.905
2005-03-03,2.61167,2.62,2.62833,2.65,2.66833,2.695,2.73,2.76,2.8,2.83,2.86167,2.9
2005-03-04,2.62,2.62167,2.63,2.64917,2.6675,2.6975,2.73,2.76167,2.8,2.83,2.86333,2.9
2005-03-07,2.62,2.62,2.63,2.64833,2.66833,2.69333,2.725,2.75833,2.79333,2.82667,2.85833,2.89333
2005-03-08,2.62,2.62083,2.63,2.64917,2.66917,2.69,2.72167,2.75333,2.78833,2.82167,2.85333,2.89167
2005-03-09,2.62,2.62167,2.63,2.65,2.67,2.69,2.72,2.75,2.78167,2.81333,2.84833,2.88
2005-03-10,2.61833,2.62083,2.63,2.65,2.67083,2.695,2.72667,2.75667,2.7925,2.825,2.85833,2.89333
2005-03-11,2.61833,2.6225,2.63,2.65,2.67167,2.7,2.73,2.76,2.79833,2.82833,2.86167,2.89833
2005-03-14,2.62167,2.62833,2.63667,2.66333,2.6925,2.72167,2.755,2.78667,2.825,2.865,2.90333,2.94
2005-03-15,2.62,2.63,2.64,2.67,2.7,2.725,2.76,2.8,2.84,2.875,2.915,2.95167
2005-03-16,2.62,2.63167,2.65333,2.68167,2.71833,2.75,2.79,2.83333,2.87667,2.92,2.96167,3.01167
2005-03-17,2.605,2.63167,2.65667,2.69167,2.73,2.77,2.81167,2.85667,2.90333,2.95,3,3.05667
2005-03-18,2.595,2.63,2.655,2.695,2.73,2.76333,2.805,2.85,2.895,2.94167,2.99333,3.045
2005-03-21,2.59167,2.62167,2.65583,2.69167,2.72833,2.76667,2.80667,2.85167,2.89833,2.95,3,3.05167
2005-03-22,2.59167,2.625,2.65833,2.70333,2.74833,2.80167,2.84833,2.89833,2.95167,2.99667,3.045,3.09667
2005-03-23,2.605,2.645,2.68667,2.74,2.79333,2.86,2.92167,2.98333,3.05167,3.105,3.15667,3.21667
2005-03-24,2.60167,2.645,2.69,2.745,2.795,2.86,2.91833,2.98,3.04667,3.10167,3.15833,3.21333
2005-03-29,2.60167,2.64417,2.69667,2.75,2.80167,2.86,2.92,2.98,3.04667,3.10167,3.15833,3.21667
2005-03-30,2.6,2.64167,2.69833,2.75,2.79833,2.85167,2.91333,2.97167,3.03667,3.09333,3.14833,3.205
2005-03-31,2.6,2.64083,2.69583,2.745,2.79333,2.84167,2.90167,2.96,3.025,3.08333,3.13833,3.19333
2005-04-01,2.6,2.63583,2.68,2.72667,2.77167,2.81333,2.86833,2.92667,2.98833,3.03833,3.08833,3.145
2005-04-04,2.6,2.62333,2.66167,2.70667,2.75333,2.79667,2.84667,2.89833,2.95667,3.00333,3.055,3.10667
2005-04-05,2.6,2.62,2.65667,2.70333,2.75,2.79833,2.84833,2.90167,2.96333,3.01167,3.055,3.10167
2005-04-06,2.59667,2.62,2.6575,2.70667,2.755,2.80167,2.855,2.91167,2.97,3.01667,3.06,3.1075
2005-04-07,2.5925,2.62,2.65333,2.70083,2.74833,2.79833,2.85167,2.905,2.96333,3.01667,3.06167,3.11333
2005-04-08,2.595,2.62,2.65,2.7,2.74833,2.795,2.84917,2.90167,2.96,3.01,3.06,3.10917
2005-04-11,2.595,2.61667,2.64,2.67833,2.72,2.75667,2.80333,2.85,2.9,2.945,2.99167,3.04167
2005-04-12,2.59583,2.615,2.6375,2.675,2.715,2.75167,2.79583,2.84167,2.88667,2.9325,2.97833,3.025
2005-04-13,2.59417,2.61417,2.63417,2.67167,2.71167,2.75,2.79667,2.84333,2.88917,2.935,2.9775,3.02333
2005-04-14,2.59167,2.61,2.63167,2.66667,2.7,2.74333,2.78333,2.82833,2.86833,2.915,2.95833,3.00667
2005-04-15,2.58667,2.60333,2.62,2.64083,2.66167,2.68667,2.72,2.75333,2.78833,2.82667,2.86333,2.90833
2005-04-18,2.58667,2.6,2.615,2.63,2.64167,2.65917,2.68667,2.715,2.745,2.78083,2.82,2.8575
2005-04-19,2.58417,2.6,2.61417,2.63,2.64333,2.66167,2.69167,2.72167,2.75667,2.79167,2.82833,2.865
2005-04-20,2.58417,2.6,2.6125,2.63,2.64417,2.66,2.69,2.72,2.75167,2.78583,2.82167,2.85833
2005-04-21,2.58417,2.6,2.6125,2.63,2.64917,2.66167,2.69,2.72333,2.75833,2.795,2.8275,2.86333
2005-04-22,2.58417,2.6,2.61667,2.63417,2.655,2.675,2.7075,2.74167,2.775,2.8125,2.84917,2.88667
2005-04-25,2.5825,2.6,2.62,2.64,2.65917,2.68,2.71833,2.75667,2.795,2.83167,2.875,2.91667
2005-04-26,2.58417,2.6,2.62,2.64,2.66,2.685,2.72667,2.77167,2.81333,2.84833,2.88667,2.92667
2005-04-27,2.5825,2.6,2.62,2.64167,2.665,2.695,2.735,2.78,2.82,2.85333,2.89083,2.93083
2005-04-28,2.58417,2.6,2.62,2.64,2.67167,2.7,2.74,2.78,2.82,2.85167,2.89167,2.93
2005-04-29,2.58333,2.6,2.62,2.64333,2.67333,2.69667,2.73,2.77,2.81,2.84667,2.88667,2.925
2005-05-03,2.5825,2.6,2.62,2.64,2.67,2.69833,2.73,2.77,2.80667,2.84417,2.8825,2.92
2005-05-04,2.58167,2.6,2.62,2.6425,2.67167,2.69833,2.72833,2.765,2.80333,2.84,2.88,2.91417
2005-05-05,2.58,2.6,2.62,2.64167,2.67167,2.695,2.72667,2.76333,2.8,2.83667,2.87667,2.915
2005-05-06,2.58,2.59833,2.61833,2.64,2.66583,2.68667,2.71833,2.755,2.79,2.8275,2.86333,2.9
2005-05-09,2.58,2.5975,2.62167,2.66167,2.7,2.74167,2.785,2.83167,2.88167,2.92667,2.97167,3.02167
2005-05-10,2.58,2.59917,2.6225,2.6625,2.705,2.74833,2.79,2.84,2.89,2.93167,2.98,3.02833
2005-05-11,2.575,2.59333,2.62083,2.66083,2.70333,2.745,2.78417,2.83417,2.88083,2.9225,2.97083,3.015
2005-05-12,2.5725,2.59,2.62,2.66,2.7,2.74,2.7775,2.8225,2.87,2.91167,2.95833,3
2005-05-13,2.56833,2.59,2.62,2.65417,2.69083,2.72583,2.76167,2.80167,2.845,2.88667,2.92833,2.97333
2005-05-16,2.56583,2.59,2.61833,2.64,2.66667,2.69667,2.72667,2.76333,2.79833,2.83333,2.86833,2.905
2005-05-17,2.5675,2.59,2.61917,2.64,2.66917,2.69917,2.72917,2.76,2.7975,2.83333,2.8725,2.90917
2005-05-18,2.56417,2.59,2.62,2.64,2.66833,2.69833,2.73,2.7625,2.8,2.83583,2.87583,2.91167
2005-05-19,2.56083,2.58833,2.61833,2.64167,2.66833,2.69833,2.73333,2.76583,2.80333,2.84167,2.88167,2.91917
2005-05-20,2.56417,2.59,2.62,2.65333,2.68833,2.72167,2.755,2.795,2.83667,2.875,2.91333,2.95417
2005-05-23,2.5625,2.59167,2.62167,2.66,2.69667,2.7325,2.77167,2.815,2.85833,2.89917,2.94333,2.98833
2005-05-24,2.56417,2.59333,2.62333,2.66,2.69667,2.7325,2.77,2.81083,2.85167,2.89333,2.93333,2.97583
2005-05-25,2.56417,2.59167,2.62167,2.655,2.6925,2.72833,2.76333,2.805,2.845,2.885,2.92167,2.96
2005-05-26,2.57,2.59,2.62,2.65167,2.68333,2.71833,2.75,2.785,2.825,2.86167,2.895,2.93333
2005-05-27,2.57,2.59,2.62,2.65,2.68,2.71583,2.74833,2.78167,2.82167,2.85333,2.88833,2.92333
2005-05-31,2.57,2.59,2.62,2.65,2.67833,2.70333,2.73333,2.76333,2.8025,2.83417,2.86917,2.905
2005-06-01,2.57333,2.59,2.62,2.64,2.66167,2.68167,2.70667,2.735,2.76333,2.79333,2.82333,2.85667
2005-06-02,2.575,2.59,2.61167,2.63083,2.6475,2.665,2.685,2.70333,2.72583,2.75417,2.78167,2.80667
2005-06-03,2.57917,2.59167,2.61,2.63,2.65,2.67,2.69083,2.70833,2.73,2.755,2.78167,2.805
2005-06-06,2.58,2.5925,2.61167,2.63167,2.65667,2.67667,2.695,2.715,2.73833,2.7625,2.79333,2.81833
2005-06-07,2.58167,2.59583,2.61167,2.63,2.65417,2.67417,2.69417,2.71417,2.7325,2.75333,2.77833,2.80167
2005-06-08,2.585,2.5925,2.61167,2.63,2.65167,2.67333,2.68833,2.70833,2.72833,2.75,2.77,2.795
2005-06-09,2.5875,2.59917,2.615,2.6375,2.65833,2.68083,2.69917,2.71833,2.735,2.755,2.77833,2.80667
2005-06-10,2.5825,2.59833,2.61833,2.64,2.66333,2.69,2.70667,2.72667,2.75,2.77167,2.795,2.82333
2005-06-13,2.59333,2.60917,2.63667,2.66833,2.69833,2.73167,2.76417,2.79833,2.83167,2.86,2.88833,2.91833
2005-06-14,2.59333,2.6075,2.63917,2.67083,2.70083,2.73333,2.76417,2.79417,2.82167,2.85167,2.87583,2.905
2005-06-15,2.58833,2.60667,2.64,2.67167,2.70083,2.735,2.76333,2.795,2.825,2.85667,2.88333,2.91083
2005-06-16,2.58083,2.60417,2.64,2.66667,2.69667,2.72667,2.75667,2.78667,2.81833,2.84833,2.875,2.90667
2005-06-17,2.57833,2.6,2.63583,2.65833,2.68417,2.71167,2.74417,2.77583,2.80583,2.83583,2.865,2.8925
2005-06-20,2.58,2.6,2.62917,2.6525,2.67917,2.705,2.73833,2.77083,2.80083,2.83083,2.85917,2.88667
2005-06-21,2.58,2.6,2.63,2.65167,2.68,2.70333,2.73583,2.765,2.795,2.825,2.85417,2.88167
2005-06-22,2.57833,2.59833,2.625,2.65,2.67333,2.7,2.73,2.75667,2.785,2.81667,2.84667,2.875
2005-06-23,2.5725,2.5925,2.61833,2.64167,2.66,2.68333,2.70833,2.73333,2.75917,2.78333,2.81333,2.84333
2005-06-24,2.57083,2.59,2.61833,2.64,2.66,2.6825,2.70333,2.72833,2.75333,2.77917,2.80917,2.8375
2005-06-27,2.56833,2.58833,2.61417,2.63417,2.6525,2.66917,2.6875,2.70583,2.72667,2.75167,2.78167,2.81117
2005-06-28,2.565,2.585,2.61417,2.63333,2.655,2.67667,2.695,2.7125,2.73417,2.765,2.795,2.82583
2005-06-29,2.56583,2.5875,2.6175,2.64167,2.66583,2.69,2.71083,2.7325,2.76,2.79,2.82167,2.85833
2005-06-30,2.56417,2.58917,2.6175,2.64333,2.66583,2.69167,2.71333,2.735,2.76167,2.79333,2.825,2.86
2005-07-01,2.56417,2.59,2.61833,2.64333,2.67,2.69667,2.71583,2.7425,2.77167,2.79917,2.8325,2.86833
2005-07-04,2.565,2.5975,2.6275,2.655,2.68417,2.72,2.75083,2.78667,2.82167,2.85417,2.88917,2.92333
2005-07-05,2.56667,2.6,2.635,2.67417,2.715,2.75667,2.7925,2.83333,2.87333,2.90667,2.94333,2.98
2005-07-06,2.575,2.60667,2.65,2.695,2.73833,2.78333,2.82167,2.86,2.89833,2.935,2.96833,3.00333
2005-07-07,2.58,2.60667,2.64667,2.68167,2.72,2.76,2.79,2.82167,2.85667,2.89167,2.92,2.95833
2005-07-08,2.58,2.60417,2.6425,2.6825,2.7175,2.75833,2.79167,2.825,2.8575,2.89167,2.925,2.95917
2005-07-11,2.58,2.605,2.65,2.69667,2.745,2.78667,2.82667,2.86333,2.90333,2.935,2.97167,3.005
2005-07-12,2.59,2.61333,2.655,2.70833,2.75833,2.80833,2.85,2.89167,2.93,2.96167,2.9925,3.02833
2005-07-13,2.57833,2.61333,2.66833,2.73667,2.8,2.865,2.91167,2.95667,2.99833,3.035,3.06833,3.10333
2005-07-14,2.57667,2.61333,2.675,2.74,2.80167,2.87,2.915,2.95667,2.99833,3.035,3.06833,3.10167
2005-07-15,2.59,2.62167,2.675,2.74333,2.80333,2.875,2.915,2.955,2.99667,3.02667,3.05833,3.09333
2005-07-18,2.59,2.62,2.67583,2.745,2.81333,2.87667,2.9175,2.95417,2.99583,3.0275,3.06,3.09083
2005-07-19,2.59,2.6225,2.68,2.74833,2.815,2.88,2.92,2.96,3,3.03,3.06,3.09333
2005-07-20,2.585,2.62083,2.68,2.74667,2.8125,2.88,2.92,2.95167,2.99667,3.02333,3.05667,3.09083
2005-07-21,2.5775,2.62167,2.68333,2.74833,2.81583,2.8825,2.92167,2.96,2.99917,3.02833,3.06083,3.095
2005-07-22,2.57792,2.625,2.69,2.75333,2.81833,2.885,2.92167,2.96,3,3.03167,3.06167,3.09833
2005-07-25,2.58167,2.62,2.68,2.72667,2.7725,2.8225,2.855,2.88333,2.91333,2.94333,2.97333,3.00167
2005-07-26,2.58333,2.62167,2.68,2.72667,2.77417,2.8225,2.85167,2.88333,2.91,2.94,2.97,3.00167
2005-07-27,2.59,2.6225,2.68333,2.73667,2.78917,2.83833,2.86833,2.9025,2.93333,2.96,2.99,3.02
2005-07-28,2.595,2.64,2.715,2.76833,2.82167,2.87,2.90333,2.94167,2.97667,3.01,3.04333,3.0775
2005-07-29,2.59083,2.65,2.72,2.76917,2.82,2.87,2.90333,2.94083,2.97333,3.01333,3.04333,3.07333
2005-08-01,2.59,2.65667,2.72,2.77667,2.82583,2.87833,2.91667,2.955,2.99167,3.02667,3.0625,3.0975
2005-08-02,2.585,2.6525,2.72167,2.7775,2.83167,2.88833,2.92833,2.96667,3.00833,3.04,3.07667,3.11
2005-08-03,2.58083,2.655,2.735,2.785,2.83833,2.89167,2.93667,2.975,3.01,3.05,3.08667,3.12
2005-08-04,2.57833,2.65333,2.74,2.785,2.83583,2.89,2.92833,2.96833,3.00417,3.03917,3.07833,3.11
2005-08-05,2.57833,2.65917,2.74,2.7875,2.83917,2.89,2.93,2.97,3.01,3.04,3.07667,3.11167
2005-08-08,2.575,2.665,2.74333,2.79333,2.845,2.89833,2.94333,2.98667,3.03333,3.07,3.10833,3.14667
2005-08-09,2.5775,2.67167,2.74917,2.80167,2.85833,2.91667,2.96333,3.00833,3.05583,3.0925,3.13,3.16917
2005-08-10,2.585,2.68167,2.76,2.81667,2.87,2.93,2.97167,3.02,3.065,3.10333,3.13833,3.18
2005-08-11,2.58583,2.695,2.77,2.82917,2.88833,2.94583,2.99083,3.0375,3.08,3.12,3.15833,3.19833
2005-08-12,2.59167,2.705,2.78,2.835,2.88667,2.94167,2.99,3.04,3.08167,3.12167,3.15833,3.19667
2005-08-15,2.59667,2.70167,2.78167,2.84417,2.9,2.95167,2.99667,3.04333,3.085,3.12167,3.15917,3.1975
2005-08-16,2.60667,2.71,2.79,2.85,2.91083,2.96333,3.00833,3.055,3.095,3.13167,3.16917,3.2075
2005-08-17,2.615,2.71167,2.8,2.855,2.90667,2.96167,3.00167,3.04417,3.08583,3.1225,3.15833,3.19417
2005-08-18,2.63167,2.72,2.81,2.86667,2.92333,2.985,3.03,3.07333,3.11167,3.14667,3.18083,3.21667
2005-08-19,2.64,2.72667,2.82,2.87833,2.93667,2.99667,3.03667,3.07333,3.11333,3.14583,3.18,3.21667
2005-08-22,2.65333,2.73,2.82333,2.88167,2.94167,3,3.03917,3.08,3.12167,3.15333,3.18667,3.21667
2005-08-23,2.66833,2.74833,2.84833,2.905,2.96333,3.02,3.06667,3.10833,3.14833,3.17833,3.20667,3.235
2005-08-24,2.67583,2.7525,2.85667,2.92,2.97583,3.04167,3.08417,3.125,3.16833,3.2,3.23,3.26
2005-08-25,2.69333,2.76,2.86,2.91667,2.975,3.03333,3.07667,3.11667,3.155,3.18833,3.22,3.25
2005-08-26,2.70167,2.755,2.855,2.91,2.95667,3.005,3.03833,3.08,3.11333,3.14167,3.175,3.20333
2005-08-30,2.71833,2.78167,2.87,2.925,2.97333,3.02333,3.06167,3.10333,3.14333,3.17167,3.2,3.22833
2005-08-31,2.73,2.79083,2.88,2.925,2.97333,3.01833,3.05667,3.09167,3.12833,3.16,3.19167,3.22
2005-09-01,2.73667,2.78333,2.86333,2.89833,2.92667,2.95333,2.97667,3.005,3.03333,3.055,3.07833,3.10333
2005-09-02,2.71,2.735,2.75667,2.77167,2.785,2.80333,2.82333,2.8425,2.86333,2.88,2.89833,2.91333
2005-09-05,2.72833,2.76,2.79667,2.81833,2.83667,2.855,2.875,2.895,2.91167,2.935,2.955,2.97833
2005-09-06,2.745,2.78167,2.81167,2.84,2.86333,2.89167,2.915,2.935,2.95667,2.97833,3.00167,3.025
2005-09-07,2.77167,2.81667,2.85833,2.88833,2.91833,2.94667,2.965,2.98667,3.01167,3.03333,3.05833,3.08
2005-09-08,2.80917,2.86167,2.90833,2.93833,2.96667,2.995,3.01583,3.03667,3.06,3.08,3.1,3.12
2005-09-09,2.80667,2.855,2.90417,2.92667,2.95667,2.98417,3,3.02,3.03833,3.05833,3.08,3.10167
2005-09-12,2.81,2.8575,2.91333,2.93833,2.97,2.99667,3.01833,3.035,3.05333,3.0725,3.09333,3.11417
2005-09-13,2.81,2.86,2.9175,2.945,2.97833,3.01,3.03,3.0525,3.07417,3.0925,3.11333,3.135
2005-09-14,2.81,2.86,2.91583,2.9475,2.97667,3.00667,3.02833,3.05,3.07083,3.08917,3.10833,3.1275
2005-09-15,2.81167,2.86333,2.915,2.94667,2.98,3.015,3.03583,3.06167,3.0875,3.10833,3.12833,3.15
2005-09-16,2.81417,2.87,2.92,2.95333,2.9875,3.02333,3.05,3.0775,3.1,3.12417,3.14417,3.16417
2005-09-19,2.82,2.88,2.94,2.98,3.015,3.055,3.08667,3.11667,3.14667,3.1775,3.1975,3.22333
2005-09-20,2.82083,2.87917,2.93667,2.97667,3.005,3.035,3.065,3.09167,3.11667,3.14167,3.16167,3.185
2005-09-21,2.83,2.89333,2.94,2.98333,3.01583,3.05167,3.0825,3.11,3.14,3.16333,3.18833,3.21
2005-09-22,2.83333,2.90833,2.94917,2.98667,3.0225,3.05333,3.08167,3.10417,3.12917,3.15083,3.1725,3.19333
2005-09-23,2.84167,2.92,2.95333,2.99583,3.03333,3.06333,3.09167,3.12,3.145,3.17,3.195,3.22167
2005-09-26,2.8475,2.93583,2.97333,3.02917,3.07333,3.11667,3.15667,3.195,3.23167,3.25667,3.28667,3.315
2005-09-27,2.865,2.94167,2.985,3.04167,3.09083,3.14083,3.18,3.21833,3.25167,3.28333,3.31333,3.34167
2005-09-28,2.87917,2.95333,3.005,3.065,3.11,3.16667,3.205,3.245,3.28,3.31083,3.33833,3.36917
2005-09-29,2.89667,2.95833,3.01667,3.07167,3.12167,3.17833,3.21667,3.2525,3.29167,3.32167,3.35,3.37833
2005-09-30,2.90167,2.97,3.03167,3.0975,3.15167,3.205,3.2475,3.29167,3.33,3.35833,3.38333,3.41167
2005-10-03,2.90417,2.97,3.03167,3.1,3.15667,3.21833,3.26,3.3,3.33667,3.37083,3.39833,3.425
2005-10-04,2.905,2.97333,3.035,3.1,3.16,3.21917,3.26,3.3,3.34,3.37167,3.3975,3.42333
2005-10-05,2.905,2.975,3.045,3.10167,3.16,3.21833,3.25333,3.29333,3.3275,3.35667,3.38583,3.41667
2005-10-06,2.925,2.98083,3.05,3.1,3.15583,3.20917,3.24583,3.2825,3.3175,3.3475,3.37583,3.40167
2005-10-07,2.93333,2.98667,3.0575,3.11333,3.16,3.21167,3.25083,3.28667,3.32667,3.35667,3.38333,3.41167
2005-10-10,2.94667,2.98833,3.06167,3.12,3.18,3.24,3.28083,3.32,3.36,3.39333,3.42333,3.46
2005-10-11,2.95917,2.99333,3.065,3.12333,3.185,3.24833,3.28833,3.32833,3.36667,3.40333,3.435,3.465
2005-10-12,2.97333,3.005,3.07833,3.14167,3.205,3.26833,3.305,3.34333,3.385,3.41833,3.45167,3.48167
2005-10-13,3.005,3.03,3.09,3.15667,3.21667,3.28167,3.31833,3.36,3.4,3.43333,3.465,3.49667
2005-10-14,3.02,3.04667,3.105,3.165,3.2275,3.29167,3.33167,3.37167,3.41167,3.445,3.47667,3.50667
2005-10-17,3.02667,3.05667,3.11,3.17167,3.23333,3.295,3.335,3.375,3.415,3.445,3.47833,3.50667
2005-10-18,3.03167,3.06167,3.13,3.195,3.25667,3.31833,3.35833,3.39667,3.43333,3.465,3.495,3.52833
2005-10-19,3.04333,3.08,3.155,3.21833,3.28167,3.34167,3.38833,3.43167,3.47333,3.50333,3.53833,3.57
2005-10-20,3.04667,3.09167,3.16833,3.235,3.3,3.365,3.40667,3.45667,3.5,3.53333,3.56333,3.59833
2005-10-21,3.04333,3.09667,3.16833,3.23167,3.29333,3.35667,3.40333,3.445,3.485,3.52167,3.55167,3.585
2005-10-24,3.04583,3.1,3.16667,3.23,3.29333,3.35583,3.40167,3.445,3.48833,3.52333,3.55333,3.58667
2005-10-25,3.04583,3.10667,3.16583,3.23583,3.305,3.36833,3.41583,3.46,3.5,3.53,3.5625,3.59583
2005-10-26,3.055,3.125,3.1775,3.25167,3.32333,3.3975,3.4425,3.48667,3.52667,3.56167,3.59667,3.63417
2005-10-27,3.06167,3.13,3.1875,3.26667,3.335,3.40917,3.4525,3.49583,3.53667,3.5775,3.61833,3.65333
2005-10-28,3.06083,3.13333,3.19667,3.27167,3.34083,3.41083,3.45833,3.50167,3.54333,3.58,3.61833,3.655
2005-10-31,3.06167,3.14333,3.21,3.28333,3.35833,3.43,3.47167,3.515,3.555,3.59,3.62667,3.66667
2005-11-01,3.06,3.14833,3.22,3.29667,3.36667,3.44,3.485,3.525,3.56917,3.60333,3.64167,3.67667
2005-11-02,3.05917,3.155,3.22833,3.30167,3.37,3.44667,3.49167,3.53833,3.585,3.62333,3.66,3.69833
2005-11-03,3.05667,3.15917,3.23,3.30833,3.38,3.45333,3.50333,3.54833,3.59333,3.63,3.67,3.70333
2005-11-04,3.0575,3.16,3.235,3.31167,3.38833,3.46,3.51,3.56,3.60667,3.64417,3.68583,3.72
2005-11-07,3.06,3.165,3.24667,3.32667,3.40333,3.475,3.52667,3.575,3.62667,3.67,3.71,3.74833
2005-11-08,3.065,3.17,3.25,3.33,3.41667,3.48417,3.53833,3.58417,3.64083,3.68333,3.725,3.76
2005-11-09,3.07,3.175,3.25833,3.33833,3.42,3.48167,3.535,3.58333,3.63833,3.67833,3.71833,3.75667
2005-11-10,3.08,3.18333,3.27167,3.35,3.43333,3.49833,3.55583,3.60167,3.66083,3.7,3.74,3.78
2005-11-11,3.08917,3.18833,3.27833,3.35333,3.43167,3.50667,3.56333,3.61333,3.66,3.70167,3.74167,3.78083
2005-11-14,3.1,3.1875,3.28,3.35667,3.43333,3.51333,3.56083,3.61083,3.66083,3.70083,3.73833,3.77917
2005-11-15,3.115,3.20083,3.29667,3.37333,3.46,3.54,3.59833,3.655,3.70833,3.74083,3.78,3.81833
2005-11-16,3.12667,3.21833,3.31667,3.39,3.47333,3.5525,3.60667,3.66,3.71333,3.7525,3.78833,3.82667
2005-11-17,3.14667,3.23333,3.32333,3.4,3.48,3.55333,3.60667,3.66,3.705,3.74667,3.78667,3.825
2005-11-18,3.15667,3.23417,3.33,3.405,3.48833,3.555,3.60917,3.66,3.70333,3.74333,3.78167,3.82
2005-11-21,3.165,3.24583,3.34167,3.41667,3.495,3.57667,3.63167,3.685,3.73667,3.78,3.81667,3.855
2005-11-22,3.18167,3.25833,3.35,3.4275,3.50667,3.59083,3.645,3.7025,3.755,3.795,3.835,3.87
2005-11-23,3.18,3.25583,3.35,3.42,3.48833,3.56,3.615,3.66167,3.71,3.74333,3.77917,3.81167
2005-11-24,3.19333,3.26167,3.3575,3.44167,3.51333,3.58833,3.635,3.685,3.73417,3.76667,3.79833,3.82833
2005-11-25,3.19583,3.26167,3.36,3.44667,3.52,3.59833,3.64667,3.69833,3.74,3.77167,3.8,3.82667
2005-11-28,3.20417,3.27,3.36083,3.4525,3.53583,3.615,3.66417,3.715,3.76333,3.79167,3.81667,3.84083
2005-11-29,3.22333,3.27917,3.37167,3.46167,3.54333,3.62,3.665,3.71667,3.76333,3.78833,3.81167,3.83667
2005-11-30,3.245,3.29,3.3875,3.47,3.55417,3.63,3.68333,3.735,3.78167,3.81333,3.84333,3.87167
2005-12-01,3.28,3.30667,3.4,3.48333,3.575,3.655,3.70667,3.75833,3.80667,3.83833,3.86667,3.9
2005-12-02,3.28833,3.31833,3.40833,3.48333,3.57167,3.655,3.70333,3.75333,3.80333,3.84,3.86833,3.89917
2005-12-05,3.295,3.32667,3.415,3.505,3.59333,3.67,3.72667,3.78,3.835,3.87083,3.90833,3.94
2005-12-06,3.3,3.33667,3.42,3.50917,3.60083,3.67667,3.73,3.79,3.85,3.88833,3.92333,3.95667
2005-12-07,3.305,3.34,3.42,3.50667,3.6,3.66833,3.72333,3.775,3.83167,3.86667,3.89667,3.92667
2005-12-08,3.30667,3.35,3.425,3.50833,3.59833,3.68,3.73167,3.78417,3.83667,3.87,3.90167,3.935
2005-12-09,3.30667,3.3575,3.42667,3.51167,3.59833,3.68,3.73,3.7825,3.83417,3.87,3.90083,3.93333
2005-12-12,3.3075,3.36,3.43167,3.52,3.615,3.7,3.75583,3.815,3.86833,3.905,3.93833,3.97167
2005-12-13,3.30667,3.3625,3.43167,3.52833,3.62333,3.71,3.76583,3.82,3.88167,3.92417,3.96,3.99833
2005-12-14,3.30083,3.365,3.4275,3.52917,3.62333,3.71333,3.77333,3.83083,3.89,3.92833,3.96,3.99167
2005-12-15,3.30333,3.37,3.44,3.535,3.625,3.71,3.77333,3.835,3.89167,3.92583,3.96167,3.99417
2005-12-16,3.30667,3.37,3.44,3.53333,3.62667,3.71167,3.77167,3.83333,3.89167,3.925,3.96083,3.99667
2005-12-19,3.30167,3.37,3.44167,3.53667,3.62833,3.71167,3.77,3.82833,3.885,3.92167,3.95667,3.98833
2005-12-20,3.29917,3.37083,3.44167,3.53583,3.62667,3.71333,3.77167,3.8275,3.88333,3.92667,3.96167,3.99167
2005-12-21,3.29833,3.37167,3.44667,3.54,3.63333,3.72333,3.78167,3.84167,3.89833,3.93583,3.96833,4.00167
2005-12-22,3.30167,3.37583,3.45333,3.55167,3.64,3.73333,3.79,3.84667,3.90833,3.94333,3.975,4.01167
2005-12-23,3.3,3.37333,3.45333,3.55167,3.64,3.73333,3.79,3.84833,3.90167,3.94167,3.97333,4.005
2005-12-28,3.31333,3.4,3.48667,3.565,3.65333,3.74333,3.79667,3.855,3.905,3.94167,3.975,4.005
2005-12-29,3.32167,3.40167,3.48833,3.575,3.66667,3.76,3.81333,3.865,3.915,3.94417,3.97333,4.00167
2005-12-30,3.32333,3.4,3.49333,3.58333,3.67667,3.76583,3.81833,3.87167,3.925,3.95333,3.985,4.01417
2006-01-03,3.32667,3.40333,3.50167,3.59833,3.69667,3.78,3.835,3.89,3.94333,3.98,4.01333,4.04167
2006-01-04,3.33167,3.41333,3.50833,3.59667,3.69,3.78,3.83,3.88333,3.93167,3.96167,3.995,4.0275
2006-01-05,3.34,3.41,3.50583,3.57667,3.655,3.725,3.765,3.81,3.845,3.87167,3.90167,3.92833
2006-01-06,3.35167,3.41667,3.51,3.57,3.63,3.685,3.72167,3.75833,3.79333,3.82333,3.855,3.88167
2006-01-09,3.37333,3.43,3.52667,3.59,3.64333,3.70333,3.73833,3.78,3.81833,3.85167,3.88167,3.91
2006-01-10,3.395,3.44833,3.53833,3.59917,3.66,3.72,3.75833,3.79667,3.83333,3.865,3.895,3.925
2006-01-11,3.41167,3.46,3.55333,3.62167,3.68667,3.75167,3.79333,3.83333,3.87333,3.90333,3.935,3.96583
2006-01-12,3.42667,3.475,3.57333,3.64167,3.70667,3.77333,3.81833,3.86167,3.90833,3.935,3.96167,3.9925
2006-01-13,3.44,3.49667,3.58083,3.65833,3.72,3.78,3.82667,3.875,3.92083,3.9475,3.975,4
2006-01-16,3.45167,3.5,3.59,3.65833,3.71333,3.775,3.8175,3.86167,3.90667,3.935,3.965,3.99
2006-01-17,3.465,3.51,3.6,3.66167,3.72,3.77833,3.82,3.86,3.90333,3.935,3.96333,3.99167
2006-01-18,3.475,3.52333,3.60667,3.66167,3.72333,3.77667,3.815,3.85667,3.89333,3.92333,3.95,3.97667
2006-01-19,3.49333,3.54667,3.62667,3.67333,3.7275,3.785,3.825,3.86,3.89833,3.92667,3.9525,3.97833
2006-01-20,3.51,3.56,3.63333,3.685,3.74,3.8,3.83333,3.87167,3.91,3.945,3.97,3.99833
2006-01-23,3.51167,3.56,3.62667,3.68333,3.735,3.795,3.82833,3.865,3.90167,3.935,3.96,3.98667
2006-01-24,3.52,3.56833,3.63,3.69,3.74667,3.81,3.845,3.88833,3.93,3.95833,3.98,4.00167
2006-01-25,3.52167,3.57,3.63,3.67833,3.72667,3.78,3.81333,3.84667,3.88167,3.91167,3.93833,3.965
2006-01-26,3.53,3.59167,3.65,3.705,3.76,3.81,3.84333,3.875,3.91333,3.94333,3.97333,4.00167
2006-01-27,3.54167,3.615,3.66167,3.71167,3.76167,3.82167,3.86,3.89667,3.93333,3.96167,3.99167,4.02667
2006-01-30,3.555,3.62,3.675,3.73333,3.78167,3.84333,3.87667,3.91,3.94833,3.98,4.01333,4.04333
2006-01-31,3.56,3.62667,3.68,3.74,3.795,3.85667,3.89667,3.93667,3.96667,3.99667,4.02667,4.055
2006-02-01,3.56,3.62667,3.68,3.74333,3.8,3.85667,3.88833,3.925,3.95833,3.99,4.02333,4.04833
2006-02-02,3.56,3.63,3.68833,3.75833,3.8125,3.87333,3.90667,3.94667,3.98333,4.01333,4.03833,4.06333
2006-02-03,3.56,3.63167,3.70833,3.77667,3.82833,3.885,3.92333,3.96,3.99667,4.025,4.05167,4.08
2006-02-06,3.55667,3.635,3.71333,3.77667,3.83333,3.89667,3.93583,3.975,4.01667,4.045,4.075,4.10333
2006-02-07,3.56167,3.64833,3.72667,3.79333,3.86,3.92667,3.97,4.01333,4.05333,4.085,4.11667,4.14833
2006-02-08,3.56,3.65333,3.73083,3.8,3.86833,3.93667,3.975,4.01667,4.05833,4.09,4.12,4.15167
2006-02-09,3.56167,3.66,3.7475,3.81833,3.88667,3.95833,3.99667,4.03833,4.08167,4.11333,4.14167,4.17
2006-02-10,3.57167,3.67833,3.75333,3.82333,3.89667,3.955,3.99667,4.04333,4.08583,4.11833,4.14667,4.17667
2006-02-13,3.57667,3.67833,3.755,3.82333,3.9,3.95833,3.99333,4.03667,4.07667,4.11,4.14,4.17
2006-02-14,3.58667,3.68,3.76,3.82667,3.89667,3.95167,3.99167,4.03333,4.075,4.105,4.135,4.16417
2006-02-15,3.59333,3.68,3.76,3.83,3.89333,3.95,3.99,4.03333,4.07667,4.10833,4.14,4.165
2006-02-16,3.60333,3.69,3.765,3.83167,3.89667,3.96,3.99833,4.04,4.08,4.11,4.14083,4.17
2006-02-17,3.61833,3.70333,3.77,3.83833,3.90167,3.96,3.995,4.03167,4.07333,4.105,4.13417,4.16167
2006-02-20,3.64,3.71333,3.78,3.84333,3.9,3.95,3.98167,4.02167,4.05333,4.08,4.10833,4.13833
2006-02-21,3.65,3.70833,3.77833,3.83667,3.89333,3.945,3.98,4.02,4.05,4.08,4.11,4.135
2006-02-22,3.67333,3.715,3.79833,3.855,3.90667,3.96167,3.99833,4.03833,4.07,4.10333,4.13333,4.16167
2006-02-23,3.69833,3.73333,3.81833,3.86667,3.91833,3.97667,4.01,4.045,4.07833,4.10833,4.1375,4.16667
2006-02-24,3.7175,3.745,3.83167,3.885,3.935,3.985,4.02333,4.06083,4.09333,4.12333,4.15083,4.1825
2006-02-27,3.74167,3.77167,3.84167,3.895,3.94667,4.00333,4.04,4.08,4.11667,4.14667,4.175,4.205
2006-02-28,3.76833,3.79167,3.855,3.91167,3.9675,4.02667,4.06,4.09333,4.125,4.155,4.18333,4.21333
2006-03-01,3.81167,3.83667,3.875,3.91833,3.96667,4.02,4.05,4.07833,4.10167,4.13167,4.16,4.18333
2006-03-02,3.82333,3.84667,3.88833,3.92667,3.965,4.01667,4.04833,4.08,4.10333,4.13333,4.16,4.185
2006-03-03,3.79833,3.83667,3.88167,3.91833,3.95833,4,4.03667,4.06167,4.085,4.11667,4.14333,4.165
2006-03-06,3.79667,3.835,3.88,3.92,3.96333,4.005,4.04333,4.07,4.095,4.125,4.15417,4.17833
2006-03-07,3.79833,3.84,3.88,3.92,3.96333,4.00333,4.03917,4.06667,4.0925,4.125,4.15333,4.18
2006-03-08,3.79667,3.83167,3.87167,3.90667,3.94333,3.98167,4.00833,4.03167,4.055,4.08,4.105,4.12667
2006-03-09,3.8,3.835,3.86833,3.90167,3.93,3.95833,3.985,4.01,4.03,4.05,4.07,4.09
2006-03-10,3.81,3.84,3.87667,3.915,3.94333,3.97833,4.00667,4.03333,4.06167,4.08333,4.10417,4.125
2006-03-13,3.815,3.845,3.885,3.92333,3.96167,4,4.03,4.06,4.08667,4.11,4.13333,4.15333
2006-03-14,3.81667,3.845,3.88667,3.925,3.96,3.99833,4.03167,4.06,4.08667,4.11167,4.13333,4.15167
2006-03-15,3.82,3.84667,3.8825,3.92,3.95,3.97833,4.00833,4.03667,4.05667,4.08333,4.10083,4.12
2006-03-16,3.82,3.85167,3.895,3.92833,3.96167,3.99,4.015,4.03833,4.06,4.08833,4.1125,4.13833
2006-03-17,3.81417,3.84833,3.89,3.92,3.9475,3.97,3.99833,4.02167,4.04083,4.06417,4.08833,4.11
2006-03-20,3.80917,3.84667,3.89,3.92667,3.95167,3.98167,4.01,4.035,4.055,4.07917,4.10167,4.125
2006-03-21,3.81,3.84833,3.895,3.93,3.96167,3.99333,4.01667,4.04333,4.06833,4.09333,4.11667,4.13667
2006-03-22,3.80667,3.84667,3.89333,3.93,3.96333,4,4.03,4.055,4.07833,4.10583,4.13,4.155
2006-03-23,3.815,3.86,3.91,3.95,3.98333,4.02833,4.05333,4.07833,4.1025,4.12833,4.1525,4.18083
2006-03-24,3.81667,3.875,3.92333,3.97,4.005,4.045,4.06833,4.09,4.11167,4.14,4.16833,4.19833
2006-03-27,3.82,3.88667,3.93167,3.97,4,4.03333,4.05667,4.08167,4.10333,4.12583,4.15333,4.18
2006-03-28,3.82167,3.88833,3.94167,3.97833,4.00833,4.04167,4.07,4.095,4.11667,4.14,4.16333,4.19083
2006-03-29,3.82667,3.90167,3.95,3.99167,4.03,4.06833,4.09833,4.12833,4.16,4.18333,4.21,4.23333
2006-03-30,3.83667,3.91333,3.96333,3.99833,4.035,4.07833,4.105,4.135,4.16583,4.1925,4.21333,4.24
2006-03-31,3.84167,3.91833,3.96667,4.00167,4.03583,4.07583,4.105,4.13667,4.16833,4.195,4.21833,4.245
2006-04-03,3.84333,3.91833,3.97,4.00583,4.03667,4.07667,4.105,4.13667,4.165,4.195,4.22083,4.25
2006-04-04,3.85667,3.92167,3.97167,4.01,4.04167,4.08167,4.1125,4.145,4.1725,4.20333,4.23167,4.26
2006-04-05,3.86167,3.93,3.98333,4.02083,4.06,4.1,4.13333,4.16167,4.19167,4.22167,4.25,4.27833
2006-04-06,3.87667,3.945,3.99167,4.03,4.06333,4.10667,4.13667,4.16333,4.19083,4.21917,4.24583,4.27333
2006-04-07,3.89,3.95333,4,4.03833,4.07333,4.11167,4.14333,4.175,4.20167,4.22667,4.25333,4.28333
2006-04-10,3.90167,3.985,4.025,4.07,4.11333,4.165,4.19667,4.23083,4.265,4.29667,4.32,4.34667
2006-04-11,3.91833,3.99,4.035,4.08833,4.13333,4.18,4.215,4.24667,4.27667,4.30667,4.33333,4.36167
2006-04-12,3.94167,4.00667,4.055,4.09667,4.14,4.18333,4.215,4.24833,4.27667,4.30167,4.33167,4.35667
2006-04-13,3.95167,4.00833,4.05917,4.09667,4.14167,4.18333,4.215,4.24667,4.27583,4.3,4.33,4.35833
2006-04-18,3.96167,4.02167,4.06833,4.1,4.13,4.16333,4.19333,4.21667,4.23833,4.26,4.29,4.3175
2006-04-19,3.98833,4.02667,4.06833,4.08833,4.11,4.135,4.15333,4.17333,4.19333,4.21,4.22667,4.24667
2006-04-20,4.01833,4.04333,4.07833,4.09833,4.12,4.15,4.17,4.19,4.21167,4.23167,4.25333,4.27667
2006-04-21,4.04167,4.06667,4.09,4.11333,4.135,4.16333,4.18333,4.20333,4.225,4.24667,4.26833,4.29167
2006-04-24,4.05,4.07,4.09333,4.11,4.12833,4.15,4.17417,4.19083,4.21167,4.23417,4.25583,4.275
2006-04-25,4.05,4.07,4.09167,4.11,4.12917,4.14667,4.16917,4.1875,4.20667,4.23,4.25,4.27
2006-04-26,4.06833,4.11667,4.145,4.16833,4.195,4.225,4.24667,4.26833,4.29,4.31167,4.33167,4.355
2006-04-27,4.08167,4.14,4.16667,4.19,4.21417,4.24167,4.27,4.29667,4.32333,4.34333,4.365,4.3875
2006-04-28,4.08833,4.14167,4.16833,4.18917,4.20667,4.22833,4.24667,4.2675,4.28833,4.305,4.32417,4.34667
2006-05-02,4.1,4.15667,4.18667,4.21167,4.235,4.26083,4.285,4.31167,4.33833,4.35833,4.37833,4.395
2006-05-03,4.1,4.16,4.19,4.215,4.23583,4.26,4.28083,4.30167,4.32333,4.34333,4.365,4.38417
2006-05-04,4.11167,4.16,4.19,4.22,4.24,4.265,4.28333,4.3075,4.33167,4.35333,4.375,4.4
2006-05-05,4.12333,4.16583,4.2,4.22083,4.24083,4.265,4.28333,4.305,4.32667,4.34833,4.37,4.39333
2006-05-08,4.1425,4.17833,4.21,4.22833,4.25167,4.28,4.29833,4.32083,4.34333,4.36333,4.38667,4.40667
2006-05-09,4.15667,4.19,4.22,4.24,4.2675,4.295,4.3175,4.33833,4.36083,4.385,4.40167,4.42167
2006-05-10,4.1625,4.1925,4.22,4.24,4.26167,4.28333,4.30167,4.32,4.34083,4.35667,4.37333,4.395
2006-05-11,4.16833,4.19167,4.21667,4.23667,4.25333,4.27667,4.29417,4.31,4.33,4.34833,4.365,4.385
2006-05-12,4.16917,4.18333,4.20667,4.2225,4.24,4.25583,4.27167,4.29083,4.30333,4.32167,4.34,4.35667
2006-05-15,4.14333,4.16667,4.18667,4.20417,4.21667,4.23,4.24667,4.26333,4.27667,4.29583,4.315,4.33417
2006-05-16,4.15,4.17167,4.19,4.2075,4.22333,4.2375,4.25083,4.26583,4.28083,4.3,4.32,4.34
2006-05-17,4.18167,4.19333,4.20667,4.21333,4.225,4.23833,4.2525,4.26417,4.27833,4.29667,4.3175,4.33333
2006-05-18,4.19167,4.205,4.22167,4.23417,4.24667,4.25833,4.2725,4.29,4.30167,4.32167,4.34,4.36
2006-05-19,4.17333,4.18083,4.19167,4.2,4.21167,4.225,4.23667,4.24833,4.25667,4.27,4.28667,4.3025
2006-05-22,4.18667,4.19667,4.205,4.21667,4.22833,4.24167,4.25667,4.27,4.28417,4.29833,4.31,4.32167
2006-05-23,4.195,4.20167,4.21167,4.22,4.22833,4.24,4.255,4.26667,4.28167,4.2975,4.30833,4.32167
2006-05-24,4.20333,4.21,4.22167,4.23,4.23833,4.25167,4.26,4.27083,4.28167,4.29333,4.30417,4.31333
2006-05-25,4.27333,4.28167,4.29167,4.295,4.29917,4.31167,4.31667,4.32167,4.33,4.34,4.34667,4.3575
2006-05-26,4.27833,4.28833,4.29667,4.29667,4.29917,4.31083,4.32083,4.325,4.33583,4.345,4.355,4.36333
2006-05-30,4.28,4.29,4.30667,4.31,4.315,4.33,4.34,4.34917,4.36083,4.37417,4.385,4.4
2006-05-31,4.28,4.28833,4.30167,4.30667,4.31667,4.335,4.345,4.355,4.3675,4.38,4.39333,4.40917
2006-06-01,4.28167,4.29667,4.31333,4.32667,4.34333,4.36167,4.3775,4.39167,4.40667,4.42333,4.43833,4.45833
2006-06-02,4.28333,4.30167,4.32,4.33583,4.35167,4.365,4.37833,4.3925,4.40667,4.4225,4.43583,4.45333
2006-06-05,4.27667,4.29333,4.30833,4.32,4.33,4.34,4.35,4.36,4.36917,4.37917,4.39333,4.405
2006-06-06,4.26333,4.28167,4.29667,4.31667,4.33333,4.3475,4.35667,4.37,4.37917,4.39333,4.405,4.42083
2006-06-07,4.26167,4.28167,4.29833,4.3225,4.3375,4.355,4.36667,4.3825,4.4025,4.41417,4.42833,4.44583
2006-06-08,4.25833,4.28083,4.29833,4.32083,4.33667,4.355,4.36833,4.38667,4.40333,4.41333,4.42833,4.44833
2006-06-09,4.2575,4.28,4.2975,4.31917,4.33667,4.35667,4.3725,4.39,4.4075,4.4175,4.43167,4.45
2006-06-12,4.26667,4.28667,4.31833,4.3575,4.39,4.42667,4.455,4.475,4.49833,4.52167,4.54,4.56
2006-06-13,4.265,4.285,4.31583,4.35333,4.38667,4.425,4.44833,4.47,4.49333,4.51167,4.53167,4.55333
2006-06-14,4.26167,4.285,4.3175,4.34667,4.37667,4.40833,4.43333,4.455,4.47333,4.4925,4.51167,4.52833
2006-06-15,4.26167,4.29,4.32333,4.36167,4.39167,4.43,4.45333,4.475,4.49667,4.515,4.535,4.55167
2006-06-16,4.26833,4.3,4.33,4.365,4.3975,4.43833,4.46,4.4825,4.50833,4.52667,4.545,4.565
2006-06-19,4.27667,4.30833,4.34,4.37167,4.40167,4.43833,4.46,4.48167,4.50583,4.52667,4.54667,4.565
2006-06-20,4.28,4.31167,4.34167,4.375,4.405,4.44083,4.465,4.48667,4.51333,4.53333,4.55083,4.57
2006-06-21,4.305,4.35167,4.39333,4.43667,4.475,4.51167,4.54167,4.57,4.59667,4.61667,4.63667,4.65667
2006-06-22,4.30833,4.34167,4.38,4.41333,4.45,4.48333,4.50833,4.53667,4.56,4.58167,4.60333,4.62667
2006-06-23,4.31,4.34833,4.39167,4.42833,4.46667,4.50667,4.53333,4.55667,4.58167,4.61,4.63667,4.65833
2006-06-26,4.3075,4.34333,4.39667,4.43583,4.4775,4.52083,4.55,4.58,4.60833,4.63,4.65333,4.67833
2006-06-27,4.31,4.34417,4.39667,4.44583,4.48833,4.53167,4.55833,4.59167,4.62,4.64333,4.665,4.69167
2006-06-28,4.31167,4.35,4.4,4.44333,4.48667,4.52667,4.55667,4.59,4.62,4.64167,4.66833,4.695
2006-06-29,4.32,4.355,4.40833,4.455,4.5,4.53833,4.56917,4.60167,4.63167,4.65833,4.68667,4.70917
2006-06-30,4.31667,4.34667,4.39,4.43667,4.46583,4.49833,4.52833,4.555,4.58,4.60667,4.62917,4.65
2006-07-03,4.32167,4.35333,4.4,4.44167,4.47833,4.50833,4.53333,4.56333,4.59333,4.615,4.63667,4.65833
2006-07-04,4.3225,4.35,4.4,4.445,4.48167,4.515,4.54167,4.57333,4.59833,4.62333,4.64667,4.66333
2006-07-05,4.325,4.35167,4.4,4.44333,4.48667,4.5275,4.56417,4.58583,4.60833,4.63333,4.655,4.67417
2006-07-06,4.33,4.35167,4.4025,4.45167,4.49833,4.545,4.57,4.59333,4.62167,4.64167,4.665,4.685
2006-07-07,4.33,4.36,4.40833,4.45667,4.4975,4.54167,4.5675,4.59,4.61167,4.63333,4.65333,4.67667
2006-07-10,4.30667,4.32833,4.38,4.41,4.43833,4.47167,4.48833,4.50833,4.53,4.54583,4.55833,4.575
2006-07-11,4.31,4.32833,4.37833,4.40667,4.42833,4.45333,4.475,4.49083,4.50833,4.525,4.545,4.56333
2006-07-12,4.305,4.32,4.345,4.3675,4.385,4.40917,4.42333,4.44167,4.455,4.4725,4.49167,4.50667
2006-07-13,4.3,4.3125,4.335,4.35583,4.37,4.395,4.40917,4.42583,4.4375,4.455,4.47083,4.48667
2006-07-14,4.295,4.30833,4.32667,4.34833,4.36667,4.38583,4.4,4.4125,4.42583,4.44,4.45667,4.475
2006-07-17,4.29833,4.31083,4.32333,4.345,4.36167,4.37833,4.39833,4.41167,4.42333,4.44333,4.45667,4.47417
2006-07-18,4.30167,4.31167,4.3275,4.35,4.3675,4.385,4.405,4.42333,4.44333,4.46083,4.47833,4.4925
2006-07-19,4.3,4.31583,4.3375,4.3575,4.38,4.40167,4.42167,4.44167,4.46333,4.48083,4.5,4.52
2006-07-20,4.29583,4.31,4.32667,4.3475,4.36917,4.38583,4.4075,4.4275,4.44667,4.465,4.48417,4.49833
2006-07-21,4.3,4.30833,4.32833,4.34833,4.36667,4.382,4.40167,4.42167,4.44167,4.46,4.47667,4.4925
2006-07-24,4.29667,4.30667,4.325,4.34333,4.35833,4.37167,4.39083,4.4075,4.42333,4.4375,4.45167,4.46917
2006-07-25,4.29167,4.30167,4.32,4.335,4.3475,4.36083,4.37333,4.38667,4.40083,4.415,4.42667,4.43667
2006-07-26,4.29,4.30083,4.31833,4.3325,4.34667,4.36417,4.37667,4.39333,4.41333,4.42833,4.44667,4.4625
2006-07-27,4.285,4.29667,4.31083,4.33167,4.34917,4.365,4.38333,4.39833,4.41167,4.42667,4.44083,4.45333
2006-07-28,4.28167,4.29417,4.3075,4.32917,4.345,4.365,4.38167,4.39667,4.41167,4.425,4.43917,4.455
2006-07-31,4.28,4.29,4.30167,4.32333,4.345,4.36333,4.3775,4.39,4.40333,4.4175,4.42917,4.44417
2006-08-01,4.28083,4.29167,4.3,4.32,4.34,4.35583,4.37,4.38083,4.39167,4.40333,4.41333,4.43
2006-08-02,4.27583,4.28583,4.29583,4.31333,4.33,4.3475,4.35917,4.37,4.38167,4.39333,4.40333,4.41667
2006-08-03,4.27,4.285,4.29583,4.315,4.33333,4.35333,4.36583,4.37667,4.38833,4.39833,4.40917,4.42333
2006-08-04,4.27,4.2825,4.29833,4.31833,4.33833,4.35833,4.37333,4.38333,4.395,4.40667,4.41833,4.43417
2006-08-07,4.265,4.27667,4.29,4.31083,4.32833,4.3425,4.35833,4.36833,4.37833,4.38667,4.39333,4.40333
2006-08-08,4.265,4.27667,4.29,4.31,4.3275,4.345,4.35667,4.36833,4.37917,4.38917,4.39917,4.40917
2006-08-09,4.26,4.27167,4.29,4.30833,4.32833,4.345,4.35667,4.36667,4.37667,4.38333,4.39167,4.40167
2006-08-10,4.26,4.27,4.28667,4.3025,4.32083,4.34083,4.35083,4.36083,4.37,4.38083,4.38917,4.39917
2006-08-11,4.26167,4.27333,4.2875,4.305,4.32167,4.33833,4.35,4.36,4.37083,4.3825,4.3925,4.4025
2006-08-14,4.27,4.28,4.29667,4.3125,4.32833,4.34583,4.35833,4.36917,4.385,4.395,4.40333,4.41417
2006-08-15,4.27083,4.28417,4.30333,4.3225,4.34,4.35917,4.37083,4.38333,4.3975,4.40667,4.4175,4.42917
2006-08-16,4.27,4.28083,4.29833,4.315,4.33083,4.34917,4.36,4.36833,4.38,4.39167,4.4,4.41
2006-08-17,4.34833,4.30167,4.31,4.32167,4.33417,4.34833,4.35667,4.36833,4.37833,4.38833,4.39667,4.40667
2006-08-18,4.325,4.31083,4.315,4.32333,4.3325,4.34583,4.355,4.365,4.37667,4.385,4.39333,4.40167
2006-08-21,4.29583,4.30417,4.31167,4.32,4.32667,4.335,4.34417,4.35167,4.36,4.37,4.3775,4.38583
2006-08-22,4.28833,4.29833,4.30833,4.32,4.3275,4.335,4.345,4.35083,4.35917,4.36833,4.37667,4.385
2006-08-23,4.285,4.29833,4.30833,4.31833,4.32667,4.335,4.34167,4.34833,4.355,4.365,4.37333,4.38
2006-08-24,4.28333,4.29333,4.30583,4.31583,4.32417,4.33167,4.34,4.34583,4.355,4.36333,4.37,4.3775
2006-08-25,4.28333,4.29333,4.30583,4.31417,4.32417,4.33083,4.33667,4.34417,4.35167,4.36083,4.36667,4.375
2006-08-29,4.28417,4.2925,4.30417,4.31417,4.32083,4.32667,4.33167,4.33917,4.34417,4.35333,4.36083,4.36833
2006-08-30,4.28917,4.29667,4.30667,4.31333,4.3175,4.32333,4.32583,4.33083,4.33667,4.34083,4.345,4.35083
2006-08-31,4.295,4.30083,4.30667,4.3125,4.315,4.3175,4.3175,4.32,4.32417,4.32833,4.335,4.335
2006-09-01,4.29333,4.29333,4.29667,4.29667,4.29917,4.30083,4.30083,4.30083,4.30083,4.30417,4.30417,4.305
2006-09-04,4.295,4.29333,4.295,4.29333,4.29333,4.29333,4.29333,4.29333,4.29333,4.295,4.295,4.29333
2006-09-05,4.29917,4.29833,4.29667,4.29667,4.29667,4.29667,4.29667,4.29667,4.29667,4.29667,4.29667,4.29667
2006-09-06,4.3,4.3,4.3,4.3,4.3,4.3,4.29833,4.29667,4.29667,4.29583,4.29583,4.29417
2006-09-07,4.30333,4.30167,4.30167,4.30167,4.30417,4.30333,4.30333,4.30417,4.30417,4.30417,4.3025,4.30417
2006-09-08,4.3075,4.30167,4.30167,4.30167,4.3025,4.3025,4.30083,4.30083,4.30083,4.30083,4.30083,4.3025
2006-09-11,4.31333,4.305,4.3025,4.30167,4.30083,4.29667,4.29083,4.29,4.28667,4.28417,4.27833,4.27583
2006-09-12,4.31333,4.3075,4.30667,4.30667,4.30667,4.30333,4.30083,4.29833,4.29667,4.29583,4.295,4.29083
2006-09-13,4.30833,4.305,4.305,4.30333,4.30333,4.30167,4.29917,4.29667,4.295,4.29417,4.29167,4.29167
2006-09-14,4.30167,4.3,4.29833,4.29833,4.2975,4.2975,4.29417,4.29417,4.29167,4.29167,4.29167,4.29
2006-09-15,4.29667,4.2975,4.29833,4.29833,4.29917,4.29917,4.29667,4.295,4.295,4.295,4.295,4.295
2006-09-18,4.29333,4.29667,4.2975,4.2975,4.2975,4.2975,4.29833,4.29833,4.29917,4.2975,4.2975,4.29583
2006-09-19,4.28667,4.29083,4.29417,4.29417,4.295,4.295,4.29583,4.29917,4.3,4.3,4.3,4.3
2006-09-20,4.28667,4.29,4.28833,4.28833,4.28833,4.28667,4.28333,4.2825,4.2825,4.28167,4.28167,4.28167
2006-09-21,4.28583,4.28833,4.29,4.29,4.29,4.29083,4.28833,4.28917,4.2875,4.2875,4.285,4.285
2006-09-22,4.28667,4.28667,4.28333,4.28167,4.27583,4.27333,4.26667,4.265,4.25833,4.25333,4.24833,4.245
2006-09-25,4.28167,4.28,4.27667,4.27083,4.265,4.26333,4.255,4.24333,4.23833,4.22833,4.21833,4.21167
2006-09-26,4.28,4.275,4.27167,4.26583,4.26333,4.25833,4.25,4.24,4.23,4.22,4.21167,4.20333
2006-09-27,4.28,4.27583,4.2725,4.26833,4.26667,4.2625,4.25583,4.24667,4.24,4.23,4.22333,4.21167
2006-09-28,4.28,4.2775,4.275,4.2675,4.26583,4.26,4.2525,4.24833,4.24,4.23167,4.225,4.21833
2006-09-29,4.28,4.2775,4.2775,4.26833,4.26417,4.26,4.25167,4.24583,4.24,4.23,4.22333,4.215
2006-10-02,4.28,4.2775,4.2775,4.26833,4.26417,4.26,4.25167,4.24583,4.24,4.23,4.22333,4.215
2006-10-03,4.28,4.27417,4.27417,4.27,4.26417,4.25833,4.2525,4.24667,4.23667,4.225,4.21833,4.20667
2006-10-04,4.28,4.2775,4.27583,4.26833,4.26583,4.26,4.25583,4.2475,4.2375,4.23,4.22167,4.21333
2006-10-05,4.275,4.27417,4.27167,4.26917,4.26333,4.25833,4.2525,4.2425,4.23083,4.22083,4.21083,4.20417
2006-10-06,4.27417,4.27167,4.27167,4.26417,4.2625,4.26,4.2525,4.245,4.23833,4.22833,4.225,4.21833
2006-10-09,4.2725,4.27333,4.27333,4.26917,4.26583,4.26583,4.26167,4.25667,4.24917,4.24333,4.23917,4.23333
2006-10-10,4.27667,4.2775,4.275,4.27417,4.27333,4.27333,4.27,4.26833,4.26667,4.26333,4.25667,4.25167
2006-10-11,4.28,4.27917,4.27917,4.27583,4.27583,4.27583,4.27833,4.27667,4.275,4.27167,4.27,4.26833
2006-10-12,4.27833,4.2775,4.2775,4.2775,4.27917,4.27917,4.2775,4.27917,4.2775,4.27667,4.27667,4.27667
2006-10-13,4.27833,4.28,4.27917,4.28167,4.28167,4.28167,4.28083,4.28083,4.28167,4.28167,4.28167,4.28333
2006-10-16,4.28167,4.28333,4.28167,4.28667,4.2875,4.28917,4.29083,4.29167,4.29333,4.29583,4.29583,4.29583
2006-10-17,4.28167,4.28333,4.285,4.28833,4.29,4.29167,4.29167,4.29167,4.29167,4.29333,4.29333,4.29333
2006-10-18,4.28167,4.28167,4.28167,4.2875,4.28833,4.29,4.29,4.29,4.29,4.29,4.29167,4.29
2006-10-19,4.28,4.28,4.2825,4.28583,4.28833,4.29,4.29167,4.29167,4.29167,4.29167,4.29167,4.29333
2006-10-20,4.28,4.28167,4.2825,4.28583,4.28833,4.2925,4.29333,4.295,4.29833,4.30167,4.30167,4.30167
2006-10-23,4.3,4.3,4.3,4.3,4.3025,4.31,4.31167,4.31583,4.32167,4.325,4.32917,4.33167
2006-10-24,4.3,4.29833,4.29833,4.305,4.30917,4.315,4.31667,4.31917,4.32333,4.32917,4.33333,4.3375
2006-10-25,4.28667,4.29167,4.29583,4.30083,4.30083,4.31167,4.31833,4.32167,4.32667,4.33,4.33667,4.34
2006-10-26,4.2825,4.285,4.29083,4.29833,4.30083,4.31,4.315,4.31583,4.32083,4.33,4.33,4.33833
2006-10-27,4.3,4.3,4.3,4.3,4.30167,4.30417,4.30417,4.30333,4.305,4.30667,4.30667,4.30667
2006-10-30,4.295,4.29167,4.29167,4.29167,4.29167,4.28833,4.28583,4.28583,4.28333,4.27667,4.27417,4.27083
2006-10-31,4.29667,4.29,4.29,4.29,4.29,4.29,4.285,4.28083,4.28,4.27583,4.2725,4.27
2006-11-01,4.285,4.28333,4.2825,4.2825,4.28,4.27917,4.27167,4.26833,4.265,4.25917,4.25833,4.255
2006-11-02,4.28083,4.27833,4.27667,4.27333,4.26667,4.26333,4.25333,4.245,4.23833,4.22833,4.22667,4.21917
2006-11-03,4.27667,4.2725,4.27083,4.26333,4.26167,4.25667,4.24833,4.24333,4.235,4.225,4.22333,4.22
2006-11-06,4.27,4.2745,4.275,4.27583,4.27583,4.27833,4.27833,4.28,4.27833,4.27833,4.27833,4.27833
2006-11-07,4.26833,4.27,4.27167,4.27583,4.27833,4.28083,4.285,4.285,4.28583,4.28583,4.28833,4.28833
2006-11-08,4.26583,4.27167,4.27333,4.2725,4.27333,4.27333,4.2725,4.2675,4.2675,4.2675,4.26417,4.26417
2006-11-09,4.26333,4.27,4.27167,4.2725,4.2725,4.275,4.26917,4.26333,4.25833,4.25417,4.25167,4.24833
2006-11-10,4.26167,4.26667,4.26833,4.27,4.2675,4.2675,4.265,4.25667,4.24917,4.24667,4.24083,4.23667
2006-11-13,4.26583,4.26917,4.27,4.27333,4.27,4.26833,4.26167,4.25583,4.24833,4.245,4.23667,4.23333
2006-11-14,4.26583,4.27,4.27333,4.27333,4.275,4.275,4.27333,4.265,4.26,4.25333,4.25,4.245
2006-11-15,4.27167,4.27333,4.275,4.27167,4.27167,4.26667,4.26417,4.25667,4.25,4.24583,4.24,4.24
2006-11-16,4.27,4.27,4.27,4.26333,4.26333,4.26417,4.25667,4.25167,4.24667,4.245,4.24333,4.24333
2006-11-17,4.26083,4.26333,4.265,4.26333,4.2625,4.26267,4.255,4.25167,4.24667,4.24333,4.24333,4.24333
2006-11-20,4.25833,4.26083,4.26333,4.26167,4.26083,4.25833,4.25083,4.24333,4.2425,4.235,4.23333,4.23167
2006-11-21,4.255,4.25833,4.25833,4.25833,4.25833,4.255,4.245,4.24083,4.235,4.23083,4.225,4.21833
2006-11-22,4.25583,4.25833,4.26,4.26,4.25833,4.25417,4.24583,4.24,4.2325,4.22833,4.22417,4.21833
2006-11-23,4.2575,4.25917,4.26,4.26,4.26,4.25417,4.245,4.23917,4.2325,4.225,4.22083,4.21333
2006-11-24,4.2575,4.25667,4.25833,4.25833,4.25833,4.2525,4.24417,4.23833,4.22833,4.22417,4.22333,4.21583
2006-11-27,4.25917,4.25917,4.25833,4.25833,4.25417,4.24833,4.2425,4.23583,4.2225,4.21667,4.2125,4.20333
2006-11-28,4.26,4.26,4.26,4.26,4.25917,4.25,4.24,4.23,4.22,4.21417,4.21,4.20167
2006-11-29,4.26,4.26,4.26,4.26,4.2575,4.24667,4.23417,4.22417,4.21333,4.20333,4.19333,4.18167
2006-11-30,4.26,4.26,4.26,4.2575,4.255,4.24417,4.23083,4.2175,4.20667,4.19667,4.185,4.175
2006-12-01,4.26,4.26,4.25667,4.25583,4.24833,4.23667,4.22083,4.205,4.19,4.17333,4.16333,4.15167
2006-12-04,4.25833,4.25833,4.25167,4.23833,4.22833,4.21167,4.18583,4.16,4.13667,4.1125,4.0925,4.07167
2006-12-05,4.2575,4.25583,4.24833,4.23667,4.22667,4.21167,4.18667,4.15583,4.13167,4.10667,4.085,4.065
2006-12-06,4.26,4.25917,4.25,4.23833,4.23,4.21167,4.18667,4.15833,4.135,4.11333,4.09,4.07167
2006-12-07,4.26,4.2575,4.25333,4.24417,4.235,4.22333,4.20167,4.17,4.14667,4.12667,4.10667,4.08833
2006-12-08,4.26,4.25833,4.255,4.24917,4.23917,4.22667,4.20667,4.18167,4.16,4.13667,4.11833,4.10167
2006-12-11,4.275,4.275,4.27,4.26333,4.25667,4.25333,4.235,4.22167,4.20833,4.19167,4.175,4.15833
2006-12-12,4.28167,4.27667,4.275,4.2725,4.26667,4.26,4.24833,4.23417,4.215,4.2,4.18,4.165
2006-12-13,4.285,4.28,4.28,4.27333,4.26417,4.26,4.24917,4.22833,4.21,4.19167,4.1725,4.155
2006-12-14,4.295,4.2875,4.28583,4.28,4.27833,4.27167,4.25333,4.2425,4.23417,4.215,4.20167,4.18667
2006-12-15,4.29167,4.28333,4.28083,4.28,4.27333,4.27,4.26,4.25167,4.24333,4.22667,4.21083,4.2
2006-12-18,4.285,4.28083,4.28,4.2775,4.27333,4.27333,4.26333,4.25167,4.24333,4.23167,4.22,4.20833
2006-12-19,4.29,4.2875,4.28667,4.28667,4.28667,4.28333,4.27333,4.26917,4.26333,4.25333,4.24,4.22167
2006-12-20,4.285,4.2825,4.27917,4.27917,4.2775,4.275,4.26917,4.25833,4.245,4.235,4.225,4.21667
2006-12-21,4.27917,4.28,4.27833,4.27833,4.275,4.275,4.26667,4.2575,4.24833,4.23833,4.22833,4.21833
2006-12-22,4.2775,4.28,4.28,4.27667,4.27417,4.2725,4.25917,4.2475,4.2375,4.22583,4.215,4.205
2006-12-27,4.27917,4.28,4.28,4.27667,4.275,4.275,4.265,4.255,4.24667,4.23667,4.23167,4.21667
2006-12-28,4.27333,4.27333,4.275,4.27333,4.275,4.275,4.26833,4.26,4.2525,4.24333,4.235,4.22833
2006-12-29,4.26917,4.2725,4.27583,4.27417,4.275,4.275,4.26667,4.26,4.255,4.24917,4.24167,4.235
2007-01-02,4.27,4.27083,4.27083,4.26917,4.2675,4.2725,4.265,4.26167,4.25917,4.25167,4.24917,4.245
2007-01-03,4.26667,4.27,4.26833,4.26667,4.26083,4.26417,4.26083,4.25833,4.255,4.25,4.2475,4.24
2007-01-04,4.26583,4.26417,4.26417,4.26417,4.26,4.26,4.26,4.25417,4.24833,4.24,4.235,4.22667
2007-01-05,4.2625,4.26167,4.26167,4.26167,4.25833,4.25333,4.24667,4.23667,4.2275,4.21833,4.21,4.20333
2007-01-08,4.26417,4.26583,4.26417,4.26333,4.26333,4.265,4.26333,4.25917,4.255,4.2525,4.245,4.24167
2007-01-09,4.26833,4.26917,4.26917,4.26917,4.26917,4.27,4.2675,4.2625,4.26167,4.26083,4.25417,4.25167
2007-01-10,4.26583,4.2675,4.26917,4.26917,4.27,4.27,4.27,4.26917,4.26833,4.26667,4.26083,4.26
2007-01-11,4.2675,4.2675,4.27,4.2725,4.2725,4.2725,4.27167,4.27167,4.27167,4.27167,4.26917,4.2675
2007-01-12,4.26667,4.26833,4.27,4.275,4.27667,4.28,4.28417,4.28417,4.2875,4.28667,4.28667,4.28667
2007-01-15,4.26583,4.27,4.27083,4.28,4.28,4.28667,4.28667,4.29083,4.2925,4.2975,4.29917,4.3
2007-01-16,4.26417,4.26833,4.2725,4.28,4.28,4.2875,4.28917,4.29,4.2975,4.2975,4.3,4.3
2007-01-17,4.26583,4.26833,4.27167,4.28,4.28,4.29,4.295,4.295,4.29917,4.3,4.3,4.30333
2007-01-18,4.2675,4.27,4.2775,4.28,4.29,4.29333,4.29917,4.3,4.30333,4.30583,4.3075,4.31333
2007-01-19,4.26333,4.27,4.275,4.28167,4.29,4.29667,4.29833,4.30167,4.30833,4.31,4.31333,4.32
2007-01-22,4.26833,4.27167,4.28,4.28917,4.29417,4.30167,4.30583,4.30917,4.31833,4.31917,4.32333,4.32917
2007-01-23,4.26833,4.27167,4.28083,4.29,4.29417,4.30167,4.31,4.31333,4.32,4.32667,4.33,4.335
2007-01-24,4.26833,4.27333,4.28,4.28833,4.295,4.30167,4.30417,4.31083,4.31667,4.32083,4.325,4.33167
2007-01-25,4.27,4.27667,4.28083,4.29,4.29333,4.30167,4.30833,4.31,4.32,4.325,4.3275,4.33167
2007-01-26,4.27,4.27667,4.2825,4.29,4.29417,4.305,4.315,4.32,4.32667,4.335,4.33667,4.34333
2007-01-29,4.27,4.27583,4.28,4.29,4.29583,4.30333,4.31,4.315,4.3275,4.33417,4.33833,4.3425
2007-01-30,4.27333,4.28,4.28083,4.29,4.29667,4.305,4.31333,4.32167,4.33,4.34,4.34667,4.355
2007-01-31,4.27417,4.28,4.28917,4.29333,4.30167,4.30583,4.31583,4.32333,4.33333,4.34,4.34917,4.35833
2007-02-01,4.2725,4.27917,4.285,4.29083,4.2975,4.30333,4.31167,4.31917,4.3225,4.33,4.3325,4.34167
2007-02-02,4.27167,4.28,4.28417,4.29083,4.2975,4.30667,4.315,4.32083,4.32833,4.335,4.34083,4.34833
2007-02-05,4.26667,4.28,4.28167,4.2925,4.29667,4.30417,4.31167,4.31583,4.32333,4.33417,4.33583,4.34
2007-02-06,4.26583,4.2775,4.27833,4.28667,4.29583,4.305,4.30833,4.31333,4.31917,4.33,4.3325,4.335
2007-02-07,4.26583,4.2775,4.27833,4.2875,4.29417,4.30333,4.3075,4.31167,4.31583,4.32583,4.3275,4.33333
2007-02-08,4.2625,4.27417,4.2775,4.28583,4.29333,4.3,4.305,4.31,4.315,4.32417,4.32583,4.33167
2007-02-09,4.2625,4.27417,4.2775,4.28417,4.29333,4.3,4.30667,4.31,4.31667,4.3225,4.32417,4.33
2007-02-12,4.26417,4.27167,4.28,4.28917,4.30167,4.31083,4.31583,4.32167,4.32833,4.335,4.33833,4.34583
2007-02-13,4.2675,4.27,4.28,4.28917,4.3,4.30917,4.31417,4.32,4.32667,4.33083,4.335,4.34083
2007-02-14,4.26417,4.27083,4.27833,4.28583,4.29667,4.3075,4.31167,4.31833,4.32667,4.33417,4.335,4.3425
2007-02-15,4.2675,4.27083,4.275,4.28333,4.29167,4.30167,4.30917,4.31167,4.31917,4.32167,4.32333,4.33333
2007-02-16,4.26417,4.27167,4.27583,4.28333,4.2925,4.29833,4.30333,4.30833,4.31167,4.31467,4.31833,4.32083
2007-02-19,4.26583,4.27167,4.27583,4.285,4.28917,4.2975,4.3025,4.31,4.3125,4.31583,4.31883,4.32333
2007-02-20,4.26417,4.27167,4.2775,4.28417,4.28917,4.2975,4.30417,4.30833,4.31,4.31917,4.32,4.32167
2007-02-21,4.27,4.27333,4.278,4.28417,4.29083,4.3,4.31,4.31,4.31833,4.32,4.32167,4.32917
2007-02-22,4.27,4.2725,4.27833,4.28583,4.29417,4.30167,4.31167,4.31583,4.325,4.32583,4.33083,4.33583
2007-02-23,4.27,4.27417,4.278,4.28583,4.295,4.30333,4.31333,4.31917,4.32917,4.335,4.3375,4.34667
2007-02-26,4.27,4.27417,4.2775,4.28667,4.2925,4.30167,4.31,4.31083,4.32,4.3275,4.33,4.33833
2007-02-27,4.27,4.27083,4.27667,4.28083,4.28833,4.29833,4.30083,4.30333,4.31083,4.32083,4.323,4.33
2007-02-28,4.26333,4.2675,4.26917,4.275,4.28,4.28333,4.28333,4.28833,4.28833,4.28833,4.28667,4.28667
2007-03-01,4.2625,4.265,4.26667,4.26917,4.27333,4.27667,4.27667,4.27333,4.275,4.275,4.275,4.275
2007-03-02,4.25833,4.26,4.26,4.26167,4.26417,4.2625,4.26167,4.26,4.25417,4.2525,4.24667,4.24667
2007-03-05,4.25417,4.2575,4.2575,4.25167,4.24417,4.23333,4.22333,4.215,4.20667,4.19667,4.18667,4.17833
2007-03-06,4.25417,4.26,4.26,4.25917,4.255,4.24833,4.23917,4.23,4.21667,4.205,4.19667,4.185
2007-03-07,4.25417,4.25833,4.26,4.26,4.26,4.24917,4.23833,4.23,4.22,4.21167,4.20167,4.19333
2007-03-08,4.26,4.26,4.26333,4.25833,4.24917,4.24333,4.23,4.22167,4.21167,4.20167,4.1925,4.1825
2007-03-09,4.26,4.26,4.26167,4.25833,4.2525,4.24667,4.235,4.225,4.21333,4.205,4.19667,4.18667
2007-03-12,4.25667,4.2625,4.27,4.26833,4.27333,4.27417,4.27167,4.26417,4.26333,4.255,4.24833,4.24333
2007-03-13,4.25583,4.26167,4.27,4.27,4.2705,4.27083,4.27,4.26583,4.26,4.25,4.24833,4.24
2007-03-14,4.26,4.26,4.26833,4.26333,4.26,4.25083,4.23917,4.22833,4.21833,4.20833,4.19833,4.18667
2007-03-15,4.265,4.26667,4.27,4.27,4.26833,4.25833,4.24833,4.24333,4.23333,4.22333,4.21333,4.20333
2007-03-16,4.25833,4.26083,4.265,4.26333,4.26333,4.26,4.25167,4.2425,4.2325,4.22417,4.21417,4.20417
2007-03-19,4.25583,4.26,4.2675,4.26583,4.26583,4.265,4.25583,4.25,4.24833,4.23667,4.23333,4.225
2007-03-20,4.2575,4.26333,4.2675,4.2675,4.26917,4.26917,4.26833,4.26167,4.26,4.25167,4.24167,4.23333
2007-03-21,4.26,4.26583,4.27,4.27,4.27417,4.2775,4.27583,4.27583,4.27583,4.275,4.27333,4.27167
2007-03-22,4.26,4.27,4.27,4.27,4.27167,4.27667,4.27667,4.275,4.27333,4.27167,4.27,4.26833
2007-03-23,4.26167,4.27,4.27,4.27,4.27417,4.28,4.28,4.28083,4.28083,4.28083,4.28,4.28
2007-03-26,4.25833,4.26833,4.27167,4.28333,4.28667,4.28833,4.28833,4.29,4.29083,4.29083,4.29,4.29167
2007-03-27,4.26,4.27,4.2725,4.27833,4.28,4.29,4.29667,4.30417,4.30833,4.31,4.31,4.31
2007-03-28,4.26,4.26667,4.27217,4.28,4.285,4.29,4.29,4.29,4.2975,4.29833,4.29833,4.29833
2007-03-29,4.26,4.27,4.2705,4.28,4.2875,4.28833,4.295,4.29667,4.29667,4.2975,4.2975,4.2975
2007-03-30,4.26,4.27,4.27083,4.28167,4.28667,4.29,4.29667,4.29917,4.3,4.3,4.3,4.3
2007-04-02,4.26,4.27,4.27417,4.28,4.28,4.28,4.29,4.29583,4.3,4.30333,4.305,4.305
2007-04-03,4.25833,4.26833,4.2725,4.28,4.28,4.2825,4.29,4.29833,4.30333,4.305,4.30583,4.3075
2007-04-04,4.26,4.27,4.27583,4.28,4.2825,4.29,4.29917,4.305,4.31417,4.3175,4.32,4.32
2007-04-05,4.25833,4.26833,4.27583,4.28,4.2825,4.29,4.29833,4.3,4.31,4.31083,4.31583,4.32
2007-04-10,4.26,4.26833,4.27833,4.29167,4.29833,4.31,4.31833,4.32833,4.33833,4.3425,4.345,4.35
2007-04-11,4.25667,4.265,4.27667,4.28833,4.29583,4.31,4.3175,4.32583,4.33583,4.34167,4.35,4.36
2007-04-12,4.25833,4.26833,4.27833,4.29333,4.30417,4.31667,4.32667,4.33833,4.35167,4.35667,4.36583,4.37167
2007-04-13,4.26,4.26667,4.27667,4.28583,4.29833,4.31333,4.325,4.3375,4.35,4.36,4.36833,4.375
2007-04-16,4.26,4.26833,4.27833,4.29333,4.31,4.325,4.34333,4.35333,4.365,4.37667,4.385,4.395
2007-04-17,4.25833,4.26833,4.28,4.295,4.31333,4.32833,4.345,4.36167,4.37833,4.38667,4.39667,4.405
2007-04-18,4.25667,4.26667,4.28,4.29333,4.31083,4.32333,4.34167,4.35833,4.37167,4.38,4.3875,4.39833
2007-04-19,4.255,4.26667,4.27833,4.29,4.30917,4.32,4.335,4.3475,4.365,4.37167,4.37833,4.38667
2007-04-20,4.2575,4.2675,4.27917,4.295,4.315,4.33333,4.35333,4.37333,4.38333,4.39167,4.4,4.40833
2007-04-23,4.26,4.27,4.28,4.30167,4.32667,4.34667,4.365,4.385,4.405,4.415,4.425,4.435
2007-04-24,4.26,4.27,4.28167,4.30333,4.32417,4.3425,4.36167,4.38167,4.40167,4.41167,4.42,4.43
2007-04-25,4.26,4.27,4.28,4.295,4.31167,4.33,4.35,4.36833,4.38667,4.39667,4.40167,4.41167
2007-04-26,4.25833,4.27,4.28167,4.29333,4.30833,4.33333,4.35333,4.37167,4.39833,4.41,4.42,4.42833
2007-04-27,4.25833,4.26833,4.28167,4.29333,4.31333,4.33,4.35,4.37,4.38833,4.4,4.41,4.42
2007-04-30,4.25833,4.27,4.28,4.29833,4.31833,4.335,4.36,4.38,4.395,4.40833,4.42,4.42833
2007-05-01,4.26,4.27,4.28,4.295,4.31583,4.33417,4.35667,4.375,4.385,4.4,4.41167,4.42167
2007-05-02,4.26,4.27,4.28,4.29917,4.3175,4.3375,4.36,4.37833,4.395,4.40833,4.42,4.43
2007-05-03,4.26,4.27,4.28,4.3,4.32,4.34333,4.365,4.38167,4.4,4.415,4.43,4.44
2007-05-04,4.26,4.27167,4.28167,4.30333,4.325,4.355,4.38,4.40333,4.42667,4.444,4.45333,4.47333
2007-05-08,4.26,4.27,4.28,4.3,4.32417,4.35083,4.37417,4.395,4.4175,4.43833,4.45417,4.46833
2007-05-09,4.26,4.27,4.28,4.3,4.32417,4.35,4.37167,4.39417,4.41917,4.44,4.45333,4.465
2007-05-10,4.26,4.27,4.28,4.30333,4.3275,4.35333,4.375,4.3975,4.425,4.44667,4.46,4.47833
2007-05-11,4.25833,4.27,4.28,4.3,4.3225,4.345,4.37,4.3925,4.41667,4.43667,4.45333,4.46833
2007-05-14,4.25667,4.26833,4.27833,4.3,4.32,4.34,4.36,4.38,4.4,4.41667,4.43167,4.445
2007-05-15,4.26,4.26833,4.28,4.29833,4.3175,4.33583,4.35667,4.37667,4.39667,4.41333,4.42917,4.44417
2007-05-16,4.26,4.26833,4.27667,4.295,4.31417,4.33333,4.35333,4.37417,4.39333,4.41417,4.43,4.44917
2007-05-17,4.26,4.26833,4.27833,4.3,4.32,4.34,4.36,4.37833,4.39667,4.41667,4.435,4.45333
2007-05-18,4.26333,4.275,4.29083,4.3225,4.35,4.38,4.41,4.44167,4.47,4.49,4.51,4.53
2007-05-21,4.26417,4.28,4.30167,4.35,4.38833,4.42667,4.46,4.49,4.52,4.54167,4.56167,4.58
2007-05-22,4.26417,4.28167,4.305,4.35167,4.39083,4.4275,4.46,4.48833,4.52,4.54,4.56,4.58167
2007-05-23,4.26583,4.285,4.315,4.35667,4.39667,4.44,4.47167,4.50167,4.53167,4.555,4.57667,4.6
2007-05-24,4.26583,4.28583,4.31833,4.35833,4.39833,4.44167,4.48167,4.51333,4.54333,4.57,4.59,4.61167
2007-05-25,4.275,4.29,4.31667,4.35917,4.3975,4.44,4.48,4.51,4.54,4.57,4.59,4.61
2007-05-29,4.27,4.29,4.31917,4.36417,4.40167,4.45,4.48167,4.51167,4.54833,4.57333,4.59833,4.62833
2007-05-30,4.275,4.32,4.38333,4.42833,4.48167,4.53167,4.57333,4.61333,4.64833,4.68,4.71,4.74
2007-05-31,4.2725,4.32167,4.38,4.43833,4.48833,4.52833,4.56833,4.60917,4.64667,4.68167,4.71167,4.74
2007-06-01,4.26833,4.32,4.38,4.435,4.485,4.52667,4.575,4.61583,4.655,4.68833,4.715,4.74167
2007-06-04,4.265,4.31583,4.3825,4.44333,4.5,4.54333,4.59,4.63417,4.67333,4.70417,4.73667,4.76667
2007-06-05,4.28833,4.33833,4.39167,4.455,4.50667,4.55917,4.59833,4.64167,4.68167,4.71083,4.7425,4.78
2007-06-06,4.28167,4.34167,4.4,4.465,4.51833,4.565,4.605,4.645,4.68333,4.71833,4.755,4.79
2007-06-07,4.26833,4.34167,4.40333,4.46917,4.52,4.56833,4.60833,4.64667,4.685,4.72167,4.75833,4.79167
2007-06-08,4.27,4.35833,4.41333,4.47167,4.52833,4.58833,4.62667,4.665,4.705,4.74667,4.77833,4.81
2007-06-11,4.27,4.365,4.425,4.48167,4.5375,4.595,4.64,4.68,4.72,4.75833,4.79,4.82833
2007-06-12,4.27833,4.38417,4.44667,4.49667,4.55167,4.6,4.65,4.69833,4.74,4.78,4.81833,4.855
2007-06-13,4.32167,4.39333,4.46,4.52,4.58,4.64,4.68083,4.72333,4.78,4.82,4.86,4.89833
2007-06-14,4.32833,4.4,4.46833,4.53333,4.58333,4.64,4.68667,4.73333,4.78167,4.82,4.85833,4.895
2007-06-15,4.33,4.40167,4.47,4.53,4.585,4.64,4.68833,4.735,4.785,4.825,4.86333,4.89833
2007-06-18,4.34833,4.41833,4.48,4.53,4.57833,4.62167,4.66167,4.705,4.75,4.78333,4.815,4.84333
2007-06-19,4.35667,4.42,4.48167,4.53583,4.585,4.62,4.66167,4.70667,4.74833,4.78,4.81167,4.845
2007-06-20,4.37333,4.44167,4.5,4.54333,4.59083,4.64,4.67667,4.72,4.75833,4.78833,4.81833,4.85
2007-06-21,4.395,4.455,4.52,4.55833,4.59833,4.64,4.68,4.72333,4.76167,4.79,4.82,4.86
2007-06-22,4.405,4.46,4.53,4.56333,4.595,4.63167,4.67,4.71167,4.74667,4.77833,4.81,4.84333
2007-06-25,4.41667,4.46333,4.52333,4.55833,4.595,4.635,4.675,4.71333,4.745,4.775,4.80333,4.83167
2007-06-26,4.43,4.46667,4.53,4.565,4.60167,4.63667,4.675,4.71333,4.74333,4.77333,4.80167,4.83167
2007-06-27,4.455,4.50167,4.55333,4.585,4.61833,4.65167,4.68167,4.72,4.75333,4.785,4.81,4.83833
2007-06-28,4.46167,4.52,4.57167,4.59833,4.63083,4.66,4.69167,4.72583,4.76,4.79,4.815,4.84333
2007-06-29,4.47667,4.52667,4.57,4.60167,4.63667,4.66667,4.69667,4.73167,4.77,4.79833,4.825,4.85167
2007-07-02,4.485,4.52,4.56833,4.595,4.63333,4.66833,4.7,4.73,4.76,4.79,4.81167,4.83667
2007-07-03,4.48667,4.52,4.56333,4.59,4.63083,4.66333,4.69333,4.72333,4.75583,4.785,4.80667,4.82833
2007-07-04,4.49667,4.525,4.56333,4.595,4.62917,4.66167,4.69833,4.73,4.76083,4.78667,4.81167,4.835
2007-07-05,4.5,4.52167,4.575,4.605,4.64,4.67333,4.71083,4.745,4.77667,4.805,4.83,4.855
2007-07-06,4.51667,4.53667,4.58167,4.62333,4.66167,4.70167,4.74833,4.785,4.82167,4.84333,4.865,4.88833
2007-07-09,4.53,4.56,4.60333,4.64667,4.69167,4.73833,4.78,4.82667,4.87167,4.90167,4.92667,4.955
2007-07-10,4.53667,4.56333,4.61167,4.65167,4.69333,4.73667,4.76833,4.80833,4.84667,4.87667,4.905,4.935
2007-07-11,4.54,4.56167,4.6,4.635,4.67167,4.705,4.735,4.765,4.795,4.81833,4.83667,4.85833
2007-07-12,4.535,4.55333,4.60333,4.64833,4.68167,4.70833,4.74333,4.78,4.81,4.83,4.85,4.875
2007-07-13,4.54,4.56167,4.62,4.66667,4.7,4.73167,4.76333,4.795,4.82833,4.85333,4.88167,4.90667
2007-07-16,4.54,4.56667,4.625,4.66667,4.705,4.73667,4.77,4.805,4.835,4.86167,4.89,4.91667
2007-07-17,4.54,4.57333,4.63,4.66667,4.70333,4.73667,4.77,4.80333,4.8375,4.86417,4.885,4.9075
2007-07-18,4.54,4.57333,4.64,4.67833,4.71167,4.74167,4.77833,4.81,4.84,4.86667,4.89333,4.91333
2007-07-19,4.53667,4.57,4.635,4.67667,4.71,4.73917,4.77,4.8,4.83,4.85333,4.88083,4.9
2007-07-20,4.5325,4.56833,4.635,4.68,4.71333,4.745,4.775,4.805,4.84333,4.86667,4.89333,4.91
2007-07-23,4.53333,4.57833,4.64167,4.68,4.71167,4.74,4.77,4.8,4.82917,4.85,4.87,4.89
2007-07-24,4.54,4.585,4.64833,4.685,4.7175,4.74667,4.775,4.805,4.83,4.85417,4.87167,4.89
2007-07-25,4.53333,4.5875,4.65833,4.72,4.745,4.775,4.805,4.835,4.86333,4.895,4.92,4.94833
2007-07-26,4.53333,4.59333,4.67,4.72667,4.755,4.79333,4.82,4.85,4.875,4.90333,4.92667,4.94833
2007-07-27,4.5275,4.5875,4.66833,4.70167,4.72167,4.75167,4.775,4.79583,4.81917,4.84167,4.86,4.88167
2007-07-30,4.53,4.5875,4.67,4.7,4.73,4.75833,4.77833,4.795,4.815,4.83333,4.85417,4.87167
2007-07-31,4.53,4.59333,4.67,4.70667,4.73333,4.76333,4.785,4.80333,4.825,4.84167,4.86333,4.885
2007-08-01,4.52,4.59,4.67,4.7,4.72,4.74167,4.76167,4.78,4.8,4.82,4.835,4.85333
2007-08-02,4.52333,4.61167,4.68,4.70667,4.73833,4.76667,4.79,4.815,4.83667,4.85667,4.875,4.89
2007-08-03,4.52333,4.62167,4.685,4.72,4.74833,4.78167,4.81,4.83167,4.85667,4.87833,4.8975,4.9175
2007-08-06,4.54333,4.625,4.68667,4.70667,4.72833,4.755,4.78167,4.80833,4.82833,4.84167,4.85167,4.86333
2007-08-07,4.54,4.63,4.69,4.71333,4.735,4.76833,4.795,4.82,4.84167,4.86167,4.87583,4.89167
2007-08-08,4.56,4.64,4.71667,4.745,4.76917,4.79333,4.82,4.84833,4.87333,4.89167,4.91167,4.93167
2007-08-09,4.63833,4.7,4.75833,4.78,4.8,4.82667,4.85,4.87667,4.90167,4.925,4.94833,4.975
2007-08-10,4.74167,4.8,4.84833,4.86667,4.87667,4.89667,4.91,4.92,4.92667,4.94667,4.965,4.97667
2007-08-13,4.77333,4.81667,4.84833,4.85667,4.865,4.87833,4.89333,4.90667,4.92,4.93167,4.94333,4.95667
2007-08-14,4.75167,4.79167,4.82167,4.825,4.82667,4.82833,4.835,4.845,4.85333,4.87167,4.89167,4.90667
2007-08-15,4.95,4.9,4.89,4.87167,4.86333,4.85333,4.85,4.85,4.85,4.86,4.87,4.88
2007-08-16,4.93,4.89333,4.88,4.87333,4.87167,4.87,4.87167,4.87167,4.87167,4.87833,4.88667,4.9
2007-08-17,4.95,4.91667,4.90333,4.87667,4.87167,4.86833,4.85833,4.85667,4.84667,4.84833,4.84833,4.84833
2007-08-20,4.88,4.86,4.86167,4.83167,4.80167,4.78,4.76167,4.74833,4.72833,4.71667,4.71167,4.70167
2007-08-21,4.89833,4.88667,4.87667,4.82,4.79,4.76667,4.74333,4.725,4.705,4.70333,4.70167,4.69833
2007-08-22,4.89667,4.86667,4.865,4.835,4.81,4.79167,4.77,4.75833,4.74333,4.73333,4.73333,4.72667
2007-08-23,4.95,4.90833,4.90333,4.90167,4.89833,4.89167,4.86167,4.85667,4.85,4.84833,4.84833,4.84667
2007-08-24,5.15,5,4.95,4.945,4.92667,4.91333,4.87833,4.87,4.855,4.85167,4.85,4.85
2007-08-28,5.15,5.02667,4.99,4.96,4.92833,4.90833,4.88833,4.87333,4.85,4.84833,4.84667,4.845
2007-08-29,5.15833,5.05,5.03333,4.95833,4.92833,4.89667,4.87167,4.85167,4.83333,4.83,4.825,4.82167
2007-08-30,5.15,5.05667,5.04667,5,4.96667,4.94667,4.92167,4.895,4.87167,4.86833,4.87,4.87167
2007-08-31,5.15,5.08333,5.05,5.045,5.03167,5.02667,5.01,5,4.99667,4.995,4.99333,4.9925
2007-09-03,5.15,5.13667,5.125,5.095,5.09333,5.08,5.04333,5.02833,5.025,5.02333,5.02,5.01667
2007-09-04,5.15333,5.145,5.14167,5.13667,5.13167,5.12667,5.08,5.06833,5.05833,5.055,5.055,5.05333
2007-09-05,5.15,5.13833,5.135,5.13167,5.12833,5.125,5.11167,5.105,5.08,5.08,5.07833,5.07667
2007-09-06,5.15,5.14833,5.14833,5.145,5.14333,5.13833,5.105,5.09833,5.08167,5.07667,5.07,5.06667
2007-09-07,5.14167,5.15,5.14833,5.14667,5.14667,5.145,5.105,5.1,5.08,5.07667,5.07167,5.07
2007-09-10,5.15833,5.21167,5.24,5.19667,5.19,5.175,5.14,5.12333,5.08,5.06167,5.05333,5.03833
2007-09-11,5.21167,5.25333,5.30333,5.25333,5.25167,5.25,5.20833,5.165,5.12833,5.105,5.1,5.08167
2007-09-12,5.24667,5.27833,5.33667,5.3,5.29667,5.29333,5.23667,5.19833,5.16333,5.14,5.13,5.1
2007-09-13,5.245,5.275,5.34,5.3,5.295,5.29,5.23833,5.20667,5.16333,5.145,5.125,5.1
2007-09-14,5.25,5.25,5.3,5.29833,5.28667,5.255,5.21667,5.18667,5.14833,5.11167,5.10167,5.07333
2007-09-17,5.20833,5.25,5.3,5.29333,5.28667,5.24167,5.20167,5.18667,5.15667,5.135,5.11167,5.09167
2007-09-18,5.20333,5.25,5.3,5.26,5.25333,5.21667,5.19167,5.16,5.13833,5.12333,5.11,5.09667
2007-09-19,5.04167,5.05167,5.13833,5.10333,5.10167,5.09667,5.055,5.04667,5.005,5.00167,5,4.99333
2007-09-20,4.95,5,5.05,5.05,5.04833,5.00667,4.98833,4.97667,4.95333,4.95167,4.95,4.95
2007-09-21,4.91,4.95,5,4.97667,4.96417,4.95333,4.93167,4.92167,4.905,4.90667,4.89167,4.89
2007-09-24,4.905,4.91667,4.94833,4.92333,4.91667,4.90833,4.87833,4.865,4.85667,4.85,4.85,4.85
2007-09-25,4.9,4.90667,4.94333,4.895,4.89,4.88,4.86,4.84833,4.815,4.81,4.80667,4.80333
2007-09-26,4.9,4.92,4.94,4.9,4.895,4.885,4.86,4.845,4.83333,4.82833,4.825,4.82333
2007-09-27,4.9,4.90667,4.96167,4.92,4.91833,4.91333,4.885,4.88,4.86667,4.86667,4.865,4.865
2007-09-28,4.92,4.92667,4.95,4.945,4.94,4.935,4.89667,4.895,4.89,4.88833,4.885,4.88333
2007-10-01,4.90167,4.90167,4.905,4.9,4.9,4.9,4.87167,4.86667,4.85,4.85,4.85,4.85
2007-10-02,4.90333,4.90333,4.92167,4.90333,4.9,4.9,4.87167,4.865,4.85,4.85,4.85,4.85
2007-10-03,4.905,4.90333,4.91667,4.91,4.90333,4.9,4.875,4.86667,4.85,4.85,4.85,4.85
2007-10-04,4.935,4.93333,4.93833,4.93833,4.93833,4.93833,4.89833,4.89,4.87833,4.875,4.87333,4.87167
2007-10-05,4.9,4.91,4.94,4.94167,4.94167,4.94167,4.905,4.895,4.87667,4.875,4.87333,4.87167
2007-10-08,4.91167,4.92,4.95,5,5,5.025,4.97167,4.96167,4.95,4.94833,4.94667,4.94667
2007-10-09,4.91833,4.925,4.965,4.99167,5,5.04667,5,5,4.955,4.955,4.95333,4.95333
2007-10-10,4.90833,4.94333,4.96667,5,5,5.04833,5.00333,5.00167,4.99833,4.995,4.995,4.995
2007-10-11,4.9,4.925,4.95833,5,5.00667,5.05167,5.04,5.035,5.03167,5.00333,5.00333,5.00333
2007-10-12,4.885,4.93833,4.97667,5.005,5.01667,5.03333,5.01,5.00667,5.00167,5,4.995,4.99333
2007-10-15,4.885,4.92333,4.98,5.01333,5.02,5.05,5.02333,5.02,5.01833,5,5,5
2007-10-16,4.86167,4.91167,4.975,5.015,5.02667,5.03333,5.01167,5.00333,5,4.995,4.99167,4.99
2007-10-17,4.84167,4.88167,4.97,4.99667,5,5.005,5.00167,5,4.99833,4.98333,4.98,4.98
2007-10-18,4.84667,4.87167,4.94833,4.98667,4.995,4.99833,4.99667,4.99667,4.99667,4.99333,4.98167,4.97833
2007-10-19,4.8,4.87,4.97,4.995,4.99833,5,4.98,4.975,4.96667,4.95667,4.95333,4.95167
2007-10-22,4.8,4.85167,4.98,4.99167,4.99333,4.99667,4.955,4.9475,4.94,4.90667,4.9,4.89333
2007-10-23,4.75167,4.81,4.94833,4.95333,4.955,4.95333,4.93333,4.92,4.90333,4.88833,4.88167,4.87667
2007-10-24,4.75,4.81167,4.93333,4.95,4.95,4.94833,4.93,4.92333,4.91333,4.89917,4.89667,4.89333
2007-10-25,4.74,4.78833,4.90667,4.92833,4.92833,4.93167,4.91,4.90333,4.88583,4.86167,4.85333,4.84667
2007-10-26,4.745,4.78667,4.89833,4.91333,4.92,4.91,4.89833,4.88833,4.87667,4.86,4.855,4.85
2007-10-29,4.74167,4.77833,4.86667,4.89833,4.9,4.9,4.87667,4.85667,4.85167,4.83833,4.83167,4.82333
2007-10-30,4.73167,4.825,4.85167,4.85833,4.86167,4.86,4.84,4.825,4.80833,4.79833,4.78833,4.78
2007-10-31,4.735,4.80333,4.82833,4.85,4.85,4.82833,4.81,4.8,4.79,4.775,4.76667,4.76
