DATE,USD1MTD156N,USD2MTD156N,USD3MTD156N,USD4MTD156N,USD5MTD156N,USD6MTD156N,USD7MTD156N,USD8MTD156N,USD9MTD156N,USD10MD156N,USD11MD156N,USD12MD156N
2001-01-02,6.5475,6.45875,6.37125,6.29875,6.23,6.16375,6.115,6.06375,6.01375,5.99125,5.96875,5.9425
2001-01-03,6.5075,6.39375,6.28625,6.20875,6.13,6.05375,5.995,5.93125,5.87125,5.84375,5.815,5.78875
2001-01-04,6.05,5.95375,5.86625,5.81375,5.76125,5.7075,5.67,5.63375,5.5975,5.58,5.56625,5.555
2001-01-05,5.93625,5.805,5.695,5.62625,5.56875,5.51625,5.47625,5.435,5.3975,5.385,5.375,5.365
2001-01-08,5.88375,5.75,5.61625,5.54375,5.4725,5.41938,5.385,5.355,5.3325,5.3225,5.31125,5.3025
2001-01-09,5.88125,5.75,5.62375,5.5525,5.4825,5.43625,5.4025,5.3725,5.34625,5.335,5.32625,5.31625
2001-01-10,5.88625,5.76125,5.65,5.5875,5.52,5.46875,5.43875,5.4125,5.38625,5.37625,5.36625,5.3575
2001-01-11,5.8825,5.765,5.67625,5.61,5.55,5.505,5.4775,5.45,5.42625,5.41625,5.40875,5.39875
2001-01-12,5.88063,5.7675,5.67875,5.60875,5.55125,5.5075,5.47625,5.45,5.42625,5.415,5.40625,5.39625
2001-01-15,5.91063,5.81375,5.74125,5.68375,5.635,5.605,5.575,5.54625,5.52625,5.52125,5.51375,5.51063
2001-01-16,5.90125,5.8075,5.73875,5.67875,5.6225,5.58875,5.56,5.53,5.50875,5.50375,5.4975,5.49375
2001-01-17,5.89875,5.81,5.73875,5.6775,5.62125,5.595,5.56438,5.53625,5.51375,5.51125,5.50375,5.5025
2001-01-18,5.83625,5.73,5.64875,5.5825,5.52563,5.4825,5.45125,5.42,5.39125,5.3825,5.375,5.3725
2001-01-19,5.78875,5.69,5.61125,5.55875,5.49875,5.45,5.41625,5.3825,5.35,5.34,5.33625,5.32875
2001-01-22,5.72625,5.66,5.58125,5.53125,5.47875,5.43,5.3925,5.36125,5.33,5.32625,5.3225,5.3175
2001-01-23,5.71375,5.65125,5.5725,5.5275,5.47,5.42125,5.38625,5.3525,5.32,5.31625,5.31,5.30625
2001-01-24,5.74125,5.6775,5.61,5.56,5.51125,5.46313,5.43125,5.40125,5.37563,5.37,5.36313,5.36
2001-01-25,5.715,5.66125,5.5975,5.55,5.50125,5.45375,5.42375,5.39375,5.37375,5.37125,5.3675,5.36625
2001-01-26,5.685,5.63,5.5675,5.5125,5.46,5.41125,5.37875,5.3525,5.3325,5.33125,5.33,5.33
2001-01-29,5.6475,5.6075,5.5425,5.48375,5.43375,5.37625,5.35,5.32625,5.305,5.30375,5.30375,5.305
2001-01-30,5.625,5.58625,5.525,5.47,5.41875,5.3625,5.33375,5.30875,5.28625,5.285,5.285,5.2875
2001-01-31,5.57,5.50375,5.42125,5.36875,5.31125,5.2625,5.23125,5.20125,5.175,5.17375,5.17375,5.17375
2001-02-01,5.56,5.48,5.39,5.33125,5.27125,5.22,5.1825,5.1525,5.12,5.12,5.11375,5.11
2001-02-02,5.565,5.48625,5.3975,5.34,5.28,5.23,5.2,5.17,5.14125,5.13625,5.1325,5.13125
2001-02-05,5.57375,5.5,5.41,5.36,5.31,5.27,5.2425,5.22125,5.2,5.2,5.2,5.2
2001-02-06,5.5725,5.5,5.41,5.36,5.31,5.27,5.24125,5.22125,5.2,5.2,5.2,5.2
2001-02-07,5.57,5.5,5.41,5.36,5.31,5.27,5.23875,5.2175,5.19625,5.19375,5.19375,5.19375
2001-02-08,5.57125,5.5,5.40875,5.36,5.31,5.27,5.24125,5.22125,5.2,5.2,5.2,5.2
2001-02-09,5.57125,5.5,5.41,5.36,5.31,5.27,5.24125,5.22125,5.2,5.2,5.2,5.2
2001-02-12,5.56875,5.4875,5.3875,5.33125,5.2725,5.22563,5.19375,5.1675,5.14375,5.1425,5.14375,5.145
2001-02-13,5.56875,5.49,5.38875,5.3325,5.28,5.23,5.20375,5.18125,5.16,5.16,5.1625,5.1625
2001-02-14,5.57,5.49375,5.4,5.34375,5.3,5.26125,5.24,5.22,5.21,5.20875,5.2125,5.2175
2001-02-15,5.58,5.5,5.4125,5.36375,5.33125,5.3025,5.29,5.28,5.275,5.2825,5.295,5.30375
2001-02-16,5.58,5.5,5.41,5.35875,5.32875,5.2975,5.2825,5.27375,5.2675,5.27375,5.28625,5.295
2001-02-19,5.57563,5.48375,5.38313,5.3275,5.285,5.235,5.21125,5.19625,5.17625,5.18125,5.18875,5.1975
2001-02-20,5.57,5.48,5.38,5.32875,5.28375,5.235,5.21375,5.19625,5.18375,5.19,5.19625,5.20375
2001-02-21,5.56125,5.47,5.37,5.32,5.275,5.225,5.205,5.19,5.17375,5.17938,5.19,5.19375
2001-02-22,5.53,5.44125,5.345,5.28375,5.23125,5.18375,5.16375,5.145,5.12625,5.1325,5.1375,5.14625
2001-02-23,5.4775,5.39,5.3,5.24125,5.1925,5.15,5.13,5.11,5.0975,5.1025,5.11,5.12
2001-02-26,5.38125,5.28,5.19375,5.14,5.09,5.04,5.02,5,4.98,4.985,4.99125,4.9975
2001-02-27,5.28125,5.17125,5.10375,5.055,5.005,4.95625,4.9375,4.92,4.9025,4.91,4.915,4.9225
2001-02-28,5.2075,5.11875,5.0525,4.99875,4.95,4.9075,4.89,4.8725,4.86125,4.87,4.87875,4.88375
2001-03-01,5.2925,5.15,5.08875,5.04,4.99875,4.95125,4.93125,4.9125,4.895,4.9,4.9075,4.91125
2001-03-02,5.29,5.1525,5.0825,5.04,5,4.96875,4.95,4.93,4.91,4.91875,4.9225,4.93
2001-03-05,5.275,5.14875,5.08,5.04,5,4.96,4.94125,4.9225,4.90625,4.91625,4.9225,4.93
2001-03-06,5.27125,5.15,5.09,5.04875,5.00875,4.97,4.95,4.93125,4.92125,4.93125,4.94125,4.95625
2001-03-07,5.25875,5.14,5.07375,5.03,4.99,4.94375,4.92438,4.905,4.88563,4.89125,4.8975,4.9025
2001-03-08,5.23375,5.12,5.06,5.02,4.98,4.93,4.9075,4.88438,4.86125,4.86875,4.875,4.88063
2001-03-09,5.1875,5.1,5.04,5,4.96,4.91,4.885,4.86625,4.84125,4.85,4.85625,4.86125
2001-03-12,5.1925,5.1175,5.0575,5.0175,4.97625,4.93375,4.915,4.89875,4.88625,4.89375,4.90375,4.91375
2001-03-13,5.16375,5.09125,5.03375,4.98,4.93125,4.89125,4.8725,4.855,4.8375,4.845,4.855,4.86375
2001-03-14,5.15,5.08,5.02,4.9725,4.925,4.88625,4.86625,4.8475,4.83375,4.84,4.84813,4.85625
2001-03-15,5.05625,4.985,4.9425,4.89125,4.835,4.785,4.76375,4.745,4.72625,4.73375,4.74375,4.75375
2001-03-16,5.0075,4.94125,4.9,4.84,4.775,4.72375,4.7025,4.675,4.65375,4.66125,4.66313,4.67125
2001-03-19,4.98,4.92,4.88,4.81875,4.7625,4.71125,4.69,4.67,4.65,4.65938,4.66313,4.67125
2001-03-20,4.98,4.92125,4.88625,4.82625,4.77125,4.73,4.71,4.69,4.6725,4.6825,4.69,4.69875
2001-03-21,5.05625,4.95875,4.87,4.79438,4.72938,4.675,4.6475,4.61875,4.595,4.60375,4.6075,4.61063
2001-03-22,5.05,4.95625,4.85625,4.77625,4.70313,4.64125,4.61,4.58,4.55,4.555,4.5575,4.56125
2001-03-23,5.05625,4.95625,4.86,4.79,4.72,4.66125,4.63313,4.6075,4.58563,4.59125,4.59438,4.60125
2001-03-26,5.0575,4.955,4.86875,4.80625,4.7425,4.68625,4.66125,4.64,4.61625,4.625,4.62875,4.64
2001-03-27,5.055,4.95125,4.86,4.79,4.72625,4.66125,4.63563,4.61063,4.585,4.59375,4.59875,4.60375
2001-03-28,5.08375,4.98875,4.9025,4.84875,4.7975,4.74875,4.72875,4.71063,4.68688,4.6975,4.70688,4.7175
2001-03-29,5.07875,4.9775,4.87625,4.82,4.765,4.71,4.69,4.67,4.66,4.66,4.66313,4.66625
2001-03-30,5.08,4.9775,4.87875,4.82,4.765,4.71,4.69,4.67188,4.66,4.66,4.665,4.6675
2001-04-02,5.05625,4.94625,4.84,4.77375,4.7075,4.6425,4.62125,4.6025,4.58625,4.58375,4.58375,4.5825
2001-04-03,5.06125,4.95,4.84625,4.7825,4.72125,4.66313,4.64,4.62625,4.62,4.6175,4.6175,4.61875
2001-04-04,5.0525,4.92875,4.81,4.73375,4.65625,4.5975,4.5775,4.55813,4.545,4.5425,4.54188,4.54125
2001-04-05,5.0525,4.91875,4.80375,4.725,4.6475,4.59,4.57125,4.55125,4.54,4.54,4.54,4.54
2001-04-06,5.05125,4.92,4.80625,4.73,4.65875,4.60125,4.58,4.5675,4.5575,4.55875,4.55875,4.56
2001-04-09,5.02,4.84375,4.74125,4.66,4.58125,4.52,4.49875,4.48125,4.46875,4.465,4.46125,4.46125
2001-04-10,5.02,4.84,4.74,4.66125,4.5825,4.53,4.5125,4.49875,4.4875,4.48375,4.48,4.48
2001-04-11,5.0225,4.85,4.76,4.69,4.62125,4.58938,4.57625,4.56875,4.565,4.5675,4.56875,4.57
2001-04-12,5.03875,4.8675,4.77875,4.72125,4.6725,4.64625,4.6425,4.64125,4.64,4.64,4.64125,4.64563
2001-04-13,.,.,.,.,.,.,.,.,.,.,.,.
2001-04-16,.,.,.,.,.,.,.,.,.,.,.,.
2001-04-17,5.04875,4.88625,4.80875,4.7525,4.71,4.68375,4.68375,4.6875,4.69125,4.70125,4.705,4.71375
2001-04-18,5.05,4.9,4.8275,4.7825,4.75875,4.74,4.74375,4.74875,4.76125,4.77,4.7825,4.7975
2001-04-19,4.52125,4.4525,4.41,4.38,4.35,4.325,4.33,4.33375,4.34625,4.3575,4.36813,4.38
2001-04-20,4.52625,4.46,4.4175,4.39,4.36875,4.34125,4.35375,4.36375,4.38,4.4,4.41375,4.4325
2001-04-23,4.50625,4.4375,4.38375,4.34875,4.31,4.28,4.28375,4.2925,4.30625,4.3225,4.3425,4.36
2001-04-24,4.47125,4.42,4.36,4.32,4.28,4.25375,4.26,4.2675,4.28,4.29125,4.31125,4.32875
2001-04-25,4.46,4.4,4.34,4.3,4.26875,4.24,4.24375,4.25,4.26125,4.27875,4.295,4.31
2001-04-26,4.46125,4.4,4.34,4.30875,4.28,4.25875,4.26875,4.285,4.30375,4.32375,4.34625,4.37
2001-04-27,4.43375,4.3725,4.31375,4.28,4.25,4.23,4.24,4.25875,4.27,4.29,4.31,4.33
2001-04-30,4.4325,4.385,4.33625,4.3225,4.30813,4.3025,4.32,4.3475,4.36938,4.39125,4.41875,4.44125
2001-05-01,4.4325,4.385,4.34,4.32,4.31,4.29875,4.31875,4.3475,4.36875,4.39,4.41813,4.44375
2001-05-02,4.42,4.36625,4.3075,4.28125,4.265,4.25,4.2675,4.29,4.30875,4.33,4.36,4.38813
2001-05-03,4.3825,4.34,4.29875,4.28,4.26,4.25,4.27,4.29125,4.31125,4.33875,4.36875,4.4
2001-05-04,4.35,4.31,4.27,4.25,4.2325,4.22,4.23875,4.26,4.28,4.30375,4.3325,4.36
2001-05-07,.,.,.,.,.,.,.,.,.,.,.,.
2001-05-08,4.1775,4.13125,4.09875,4.08,4.07,4.06,4.08,4.1025,4.12875,4.1525,4.17375,4.2
2001-05-09,4.1675,4.11625,4.085,4.065,4.055,4.04,4.05625,4.08,4.1,4.12125,4.1425,4.1725
2001-05-10,4.12625,4.09,4.06,4.04875,4.03875,4.03,4.045,4.07,4.09,4.11,4.13188,4.16
2001-05-11,4.1225,4.095,4.07,4.06875,4.0625,4.06,4.08,4.10875,4.1325,4.165,4.195,4.225
2001-05-14,4.15125,4.1325,4.12125,4.12125,4.125,4.14,4.16875,4.205,4.24,4.27438,4.30813,4.3425
2001-05-15,4.135,4.12,4.10313,4.1,4.1,4.1,4.1275,4.16125,4.19188,4.2225,4.2525,4.29
2001-05-16,4.08125,4.05375,4.03,4.02,4.01,4,4.0275,4.06,4.09,4.12375,4.1625,4.2
2001-05-17,4.08375,4.06,4.04,4.03,4.02375,4.02313,4.05,4.085,4.12,4.15563,4.19063,4.23
2001-05-18,4.09,4.07,4.055,4.05,4.05,4.05,4.08563,4.12875,4.16938,4.20313,4.24313,4.28
2001-05-21,4.09,4.08,4.07625,4.0775,4.0775,4.08588,4.11813,4.1675,4.21,4.25375,4.3,4.35
2001-05-22,4.09,4.07875,4.075,4.07625,4.07875,4.08375,4.11313,4.16625,4.2075,4.25,4.3,4.34625
2001-05-23,4.08875,4.0775,4.07,4.06875,4.07,4.06875,4.0975,4.14,4.175,4.2175,4.2625,4.31
2001-05-24,4.08,4.0675,4.05625,4.05,4.05,4.0425,4.07375,4.11313,4.14813,4.18813,4.23125,4.27875
2001-05-25,4.06375,4.05,4.03,4.02,4.02,4.01125,4.04359,4.08727,4.12,4.16039,4.20578,4.2525
2001-05-28,.,.,.,.,.,.,.,.,.,.,.,.
2001-05-29,4.05625,4.02875,4,4,3.99875,3.99,4.02625,4.06563,4.1,4.14875,4.2,4.25
2001-05-30,4.06,4.03,4,4,3.99875,3.99,4.03,4.07,4.11,4.15813,4.20813,4.26
2001-05-31,4.0575,4.02,3.99,3.99,3.99,3.98,4.02,4.06,4.1,4.14375,4.1925,4.2425
2001-06-01,4.03625,3.9725,3.9425,3.94,3.94,3.93,3.9675,4.0025,4.04,4.08,4.12,4.1675
2001-06-04,4.03125,3.97,3.94,3.93875,3.9375,3.93,3.97,4.005,4.04,4.08,4.125,4.17
2001-06-05,4.03125,3.97,3.94,3.94,3.94,3.94,3.9775,4.0125,4.05,4.09,4.13125,4.18
2001-06-06,4.02,3.95875,3.9275,3.92625,3.92625,3.92,3.96063,3.9975,4.03,4.07,4.11,4.155
2001-06-07,4.01125,3.9475,3.91813,3.9175,3.9175,3.9125,3.95125,3.985,4.02,4.06,4.1,4.1425
2001-06-08,4.01,3.94375,3.91563,3.91375,3.91375,3.91,3.95125,3.9875,4.02625,4.0675,4.1075,4.14875
2001-06-11,4,3.94,3.91,3.91,3.90875,3.90875,3.95,3.98063,4.02,4.06,4.1,4.14
2001-06-12,3.99,3.9275,3.89875,3.89625,3.89,3.8825,3.92375,3.955,3.98625,4.025,4.065,4.10438
2001-06-13,3.98,3.92,3.89,3.8875,3.88,3.88,3.92125,3.94875,3.98,4.02,4.06,4.1
2001-06-14,3.97,3.90875,3.8775,3.87,3.8625,3.85875,3.89625,3.925,3.95,3.99,4.03,4.07
2001-06-15,3.95,3.89,3.85125,3.85,3.84125,3.84,3.8725,3.90375,3.93,3.9675,4.0025,4.04
2001-06-18,3.88125,3.83625,3.78688,3.78,3.77,3.76125,3.79438,3.8225,3.85,3.8825,3.92125,3.96
2001-06-19,3.85,3.79875,3.7575,3.75625,3.7525,3.74875,3.78,3.81,3.84,3.87,3.905,3.9425
2001-06-20,3.83375,3.78375,3.75,3.74625,3.74375,3.74,3.77125,3.79875,3.83,3.86375,3.90063,3.94
2001-06-21,3.805,3.765,3.73875,3.73438,3.73063,3.73,3.76625,3.795,3.825,3.85688,3.89625,3.93625
2001-06-22,3.79,3.76,3.73,3.73,3.73,3.73,3.76188,3.79063,3.82063,3.86,3.9,3.94
2001-06-25,3.76,3.73375,3.705,3.6975,3.6875,3.68,3.715,3.74375,3.775,3.815,3.855,3.8925
2001-06-26,3.75,3.7275,3.7,3.69125,3.68375,3.68,3.71625,3.745,3.7725,3.81125,3.85,3.89125
2001-06-27,3.75125,3.73,3.71,3.71125,3.71,3.71,3.745,3.7775,3.81125,3.8525,3.895,3.94
2001-06-28,3.835,3.81,3.79,3.79,3.79125,3.83,3.8575,3.88875,3.91938,3.96125,4.00375,4.0525
2001-06-29,3.8625,3.84313,3.83625,3.84,3.85,3.90875,3.9425,3.98,4.02188,4.07625,4.13,4.18375
2001-07-02,3.86,3.84,3.83,3.84,3.85,3.9,3.94,3.98,4.02,4.07125,4.1275,4.1875
2001-07-03,3.85,3.83,3.82,3.83,3.83,3.88,3.91625,3.955,3.98875,4.04375,4.09375,4.14625
2001-07-04,3.85,3.83625,3.8275,3.8375,3.83938,3.89938,3.9325,3.97,4.00875,4.05875,4.11188,4.17
2001-07-05,3.85,3.83,3.82,3.83,3.8325,3.89,3.9225,3.95875,3.9975,4.04875,4.10125,4.15625
2001-07-06,3.84813,3.82625,3.81,3.81625,3.82,3.87625,3.91313,3.94688,3.98375,4.035,4.08625,4.14
2001-07-09,3.83125,3.81,3.79,3.79,3.79375,3.8375,3.86875,3.89875,3.93,3.97375,4.01875,4.06625
2001-07-10,3.83,3.81,3.79,3.79,3.79,3.83688,3.86875,3.89875,3.93,3.9725,4.02,4.07
2001-07-11,3.83,3.79,3.76,3.76,3.7525,3.7925,3.81875,3.845,3.87125,3.91,3.95,4
2001-07-12,3.83,3.8,3.77,3.77,3.77,3.82,3.84375,3.8725,3.90125,3.95,4,4.05
2001-07-13,3.82875,3.79,3.75875,3.75875,3.75625,3.7975,3.82,3.8475,3.87625,3.92063,3.965,4.015
2001-07-16,3.83,3.79,3.76,3.76,3.76,3.80625,3.83,3.86063,3.89,3.93125,3.98125,4.03
2001-07-17,3.82875,3.79,3.76,3.76,3.76,3.805,3.83,3.86,3.89,3.93,3.98,4.03
2001-07-18,3.82875,3.79,3.76,3.75875,3.75875,3.80375,3.83,3.86,3.89,3.9325,3.97875,4.0275
2001-07-19,3.81,3.75,3.71,3.7,3.6975,3.73438,3.75375,3.775,3.79688,3.83125,3.865,3.90563
2001-07-20,3.80125,3.7475,3.70875,3.69875,3.69875,3.72938,3.74688,3.765,3.78188,3.81625,3.85313,3.89
2001-07-23,3.7925,3.74,3.7,3.69,3.69,3.72125,3.74,3.76,3.785,3.8175,3.85625,3.89375
2001-07-24,3.79375,3.74,3.7,3.69,3.69,3.72,3.74,3.76,3.78125,3.81625,3.85375,3.89125
2001-07-25,3.79,3.74,3.7,3.69,3.69,3.72125,3.74125,3.7625,3.78375,3.81875,3.85375,3.8925
2001-07-26,3.78375,3.74,3.705,3.69875,3.69875,3.73,3.75,3.77125,3.8,3.8375,3.875,3.915
2001-07-27,3.775,3.73,3.69625,3.68625,3.68625,3.71625,3.73625,3.7575,3.77875,3.815,3.84875,3.8875
2001-07-30,3.76,3.71375,3.67875,3.67,3.7,3.69813,3.7075,3.72,3.73813,3.76813,3.79875,3.835
2001-07-31,3.75,3.70875,3.67,3.66125,3.69375,3.68875,3.7,3.71125,3.73,3.7575,3.7875,3.82
2001-08-01,3.74,3.6975,3.65625,3.65,3.68125,3.66875,3.68125,3.6925,3.70875,3.7375,3.76625,3.79813
2001-08-02,3.73,3.69,3.65,3.64,3.66875,3.66,3.6775,3.6925,3.71,3.74,3.77188,3.80875
2001-08-03,3.73,3.69,3.65625,3.64875,3.6725,3.66625,3.68375,3.70625,3.72625,3.7575,3.7975,3.8375
2001-08-06,3.72,3.68,3.65,3.64125,3.6675,3.66,3.6725,3.69,3.71,3.74125,3.78125,3.82
2001-08-07,3.71,3.67,3.64375,3.63625,3.6625,3.655,3.66938,3.68125,3.7,3.73,3.765,3.8025
2001-08-08,3.70625,3.66875,3.6375,3.63,3.66,3.66,3.67375,3.69313,3.71125,3.74125,3.78,3.82
2001-08-09,3.6725,3.63,3.595,3.5825,3.605,3.6,3.61,3.62,3.63125,3.66125,3.69125,3.7225
2001-08-10,3.66,3.62,3.58875,3.57,3.59688,3.59,3.605,3.615,3.63,3.66,3.69,3.72313
2001-08-13,3.64,3.6,3.57,3.55,3.575,3.56938,3.57875,3.59,3.6,3.62938,3.66,3.685
2001-08-14,3.63,3.59,3.56,3.54,3.565,3.56,3.57,3.58,3.59,3.62125,3.65125,3.68
2001-08-15,3.62,3.58375,3.56,3.54,3.56563,3.56313,3.58,3.6,3.62,3.64875,3.68,3.71
2001-08-16,3.61,3.58,3.56125,3.55125,3.58,3.58063,3.60063,3.62125,3.64375,3.6775,3.71625,3.7525
2001-08-17,3.6,3.57,3.5475,3.54,3.55875,3.56,3.57,3.585,3.6,3.63,3.6625,3.7
2001-08-20,3.58,3.55,3.52875,3.51,3.53,3.5275,3.53875,3.5525,3.56875,3.59875,3.63,3.66
2001-08-21,3.58,3.55,3.5275,3.5175,3.53625,3.5375,3.55063,3.57063,3.59,3.62,3.65125,3.69
2001-08-22,3.5775,3.54,3.5125,3.49,3.515,3.5125,3.52375,3.5375,3.55625,3.585,3.61625,3.65688
2001-08-23,3.58,3.54375,3.5125,3.495,3.51625,3.51625,3.53,3.54375,3.5625,3.5925,3.63,3.67
2001-08-24,3.58,3.5475,3.5175,3.5,3.52,3.52,3.53125,3.55125,3.56875,3.5975,3.63625,3.67625
2001-08-27,.,.,.,.,.,.,.,.,.,.,.,.
2001-08-28,3.58,3.55375,3.525,3.50875,3.52875,3.52875,3.5425,3.56125,3.58,3.61,3.65,3.69
2001-08-29,3.58,3.54,3.5,3.4775,3.49375,3.495,3.50375,3.5125,3.52375,3.5525,3.58375,3.61625
2001-08-30,3.58375,3.53,3.49,3.50938,3.48625,3.48,3.49,3.5,3.51,3.54,3.57,3.6
2001-08-31,3.58125,3.52,3.4625,3.48,3.4575,3.4525,3.4575,3.4675,3.47625,3.5025,3.5325,3.56375
2001-09-03,3.57875,3.52,3.46563,3.485,3.47,3.46,3.47,3.48,3.49,3.52,3.55,3.58188
2001-09-04,3.5725,3.52,3.46625,3.48625,3.46875,3.465,3.47375,3.485,3.4975,3.525,3.555,3.5875
2001-09-05,3.58,3.55,3.52,3.54,3.54125,3.55,3.56875,3.58875,3.61,3.64375,3.68,3.72
2001-09-06,3.57688,3.54688,3.52,3.54,3.54,3.54,3.55563,3.57438,3.59438,3.625,3.66063,3.70313
2001-09-07,3.57,3.52,3.48625,3.505,3.495,3.4875,3.4975,3.50875,3.52,3.55,3.58,3.61125
2001-09-10,3.50125,3.42625,3.36,3.3575,3.34,3.3225,3.3275,3.33313,3.34,3.37,3.4,3.43
2001-09-11,3.49,3.42,3.36,3.36,3.35,3.34,3.35,3.36,3.36875,3.39875,3.42875,3.46
2001-09-12,3.50125,3.29875,3.15625,3.14125,3.1125,3.09375,3.0925,3.09375,3.09375,3.11125,3.13,3.155
2001-09-13,3.4875,3.28125,3.15,3.14,3.11,3.09,3.08875,3.0875,3.0875,3.10375,3.12375,3.15
2001-09-14,3.49625,3.29,3.15,3.13625,3.10313,3.08,3.075,3.07375,3.0725,3.08875,3.10875,3.135
2001-09-17,3.38375,3.205,3.11,3.085,3.05125,3.03,3.02125,3.015,3.01,3.02,3.03625,3.05375
2001-09-18,3.0575,3.01625,2.965,2.9425,2.92125,2.89375,2.88625,2.88375,2.88,2.89375,2.9075,2.9225
2001-09-19,2.785,2.78375,2.78313,2.78063,2.76125,2.7425,2.74625,2.75,2.7525,2.78375,2.81875,2.8525
2001-09-20,2.61375,2.6075,2.6025,2.5975,2.595,2.59375,2.59875,2.60125,2.60625,2.65,2.6975,2.74125
2001-09-21,2.66125,2.63875,2.615,2.60875,2.5975,2.585,2.58875,2.5975,2.6025,2.64125,2.68125,2.72625
2001-09-24,2.64375,2.62,2.6,2.6,2.58125,2.57625,2.58625,2.60125,2.61875,2.66625,2.71125,2.75875
2001-09-25,2.66625,2.62625,2.6,2.59,2.57375,2.565,2.5725,2.58,2.5875,2.62625,2.6675,2.7125
2001-09-26,2.66375,2.62,2.59125,2.58,2.56125,2.55125,2.555,2.56,2.56375,2.60125,2.64,2.6825
2001-09-27,2.63875,2.6,2.6,2.57125,2.55125,2.53375,2.535,2.53875,2.5425,2.58,2.61625,2.6525
2001-09-28,2.63,2.59,2.59,2.5625,2.5425,2.5225,2.52375,2.53,2.5325,2.57,2.6075,2.6425
2001-10-01,2.6375,2.6,2.6,2.575,2.55375,2.54,2.55,2.56,2.57125,2.60375,2.64125,2.68
2001-10-02,2.6375,2.6,2.5925,2.5625,2.54375,2.53,2.53375,2.54375,2.55375,2.58875,2.62625,2.66
2001-10-03,2.58875,2.52625,2.5,2.47,2.44,2.415,2.41875,2.42688,2.4325,2.465,2.495,2.5325
2001-10-04,2.58,2.52,2.5,2.47,2.44375,2.42375,2.43,2.44,2.45,2.4825,2.52,2.56
2001-10-05,2.5625,2.5,2.48125,2.45,2.42,2.3925,2.4025,2.4125,2.42375,2.45625,2.4875,2.525
2001-10-08,2.54125,2.47,2.44,2.40625,2.36875,2.33375,2.34,2.345,2.35125,2.38,2.41125,2.45
2001-10-09,2.53125,2.46,2.43125,2.405,2.37,2.34,2.35,2.36,2.37,2.4,2.43,2.47
2001-10-10,2.53125,2.46,2.43,2.40875,2.38,2.35875,2.3675,2.3775,2.38875,2.42375,2.46,2.49875
2001-10-11,2.525,2.4525,2.43,2.41,2.38375,2.37125,2.39,2.4075,2.4275,2.4675,2.50625,2.54625
2001-10-12,2.52938,2.46,2.45625,2.445,2.43,2.4225,2.44125,2.4625,2.49,2.53,2.5775,2.62375
2001-10-15,2.5175,2.45,2.43125,2.4125,2.39375,2.38,2.3975,2.41875,2.43875,2.47625,2.5175,2.5675
2001-10-16,2.51,2.4375,2.42,2.4,2.38,2.36,2.3725,2.39,2.41,2.45,2.49,2.53
2001-10-17,2.50125,2.43,2.41,2.39125,2.3725,2.36,2.375,2.39375,2.41375,2.45375,2.49375,2.535
2001-10-18,2.4625,2.40375,2.39,2.3725,2.36,2.3525,2.37,2.39,2.41125,2.4525,2.4925,2.53625
2001-10-19,2.445,2.3875,2.36625,2.3475,2.33625,2.32125,2.34,2.36,2.38,2.4175,2.45625,2.5025
2001-10-22,2.42625,2.37,2.3525,2.335,2.325,2.315,2.3325,2.35375,2.38,2.41875,2.46,2.5
2001-10-23,2.42,2.36,2.35,2.34,2.33,2.32125,2.34375,2.3675,2.3975,2.43625,2.48,2.5275
2001-10-24,2.4075,2.3425,2.33,2.32,2.31,2.30125,2.32,2.34,2.37,2.40875,2.45,2.5
2001-10-25,2.37625,2.32,2.31,2.2975,2.28375,2.27,2.29,2.30625,2.32625,2.36375,2.4025,2.44875
2001-10-26,2.35375,2.29375,2.28,2.26125,2.24375,2.2325,2.25,2.27,2.29,2.32,2.36,2.4
2001-10-29,2.3425,2.28,2.27,2.24875,2.23,2.22,2.23125,2.24375,2.2625,2.29375,2.3325,2.37375
2001-10-30,2.32,2.28,2.23,2.21,2.19,2.17125,2.18375,2.195,2.21375,2.2425,2.27375,2.3125
2001-10-31,2.2875,2.25,2.2,2.18,2.16,2.14625,2.15375,2.165,2.18,2.20625,2.2375,2.27188
2001-11-01,2.28,2.25,2.21,2.19,2.18,2.1675,2.17875,2.19,2.20625,2.23125,2.2625,2.2925
2001-11-02,2.27,2.24,2.2,2.18,2.17,2.16,2.17125,2.1825,2.2,2.23,2.26,2.29875
2001-11-05,2.22,2.2,2.165,2.14,2.13,2.12,2.12875,2.13938,2.15,2.18,2.21,2.24625
2001-11-06,2.19,2.17125,2.135,2.1125,2.10125,2.09,2.1,2.11,2.12,2.15,2.1825,2.22
2001-11-07,2.09063,2.0525,2,1.975,1.955,1.94625,1.9525,1.96125,1.97,2,2.03,2.06
2001-11-08,2.09,2.05,1.99875,1.97125,1.95375,1.9475,1.9525,1.9625,1.97125,2.00125,2.03125,2.06375
2001-11-09,2.09125,2.06125,2.01625,1.99625,1.98,1.97,1.98125,1.9925,2.01,2.04,2.08,2.12
2001-11-12,2.09,2.07,2.025,2.00625,1.99625,1.99,2,2.02,2.03875,2.07,2.11125,2.15
2001-11-13,2.08,2.055,2.01125,1.99875,1.9825,1.97375,1.98875,2.01,2.03,2.07,2.11,2.14813
2001-11-14,2.08125,2.06,2.02125,2.0125,2.005,2.00125,2.0225,2.05,2.08,2.12,2.16375,2.21125
2001-11-15,2.1,2.1,2.1,2.1,2.1025,2.105,2.1375,2.17625,2.22,2.27875,2.34,2.40375
2001-11-16,2.1025,2.1275,2.13875,2.1475,2.1575,2.17,2.20875,2.25625,2.30625,2.36875,2.4325,2.5025
2001-11-19,2.10375,2.14,2.15,2.16,2.17125,2.19,2.2375,2.28875,2.34063,2.405,2.475,2.54375
2001-11-20,2.09,2.10313,2.11313,2.12188,2.13188,2.14188,2.18,2.22125,2.27,2.33,2.39125,2.45563
2001-11-21,2.1,2.12,2.13,2.15,2.17,2.18375,2.23188,2.2825,2.33125,2.39625,2.46438,2.53125
2001-11-22,2.1075,2.13875,2.1625,2.18563,2.2075,2.24625,2.30313,2.36563,2.43,2.49938,2.575,2.65875
2001-11-23,2.10875,2.1375,2.15625,2.18125,2.20125,2.2225,2.28,2.34,2.4,2.4725,2.54125,2.62
2001-11-26,2.10813,2.1375,2.15563,2.17938,2.2,2.22125,2.2825,2.3475,2.41125,2.485,2.56625,2.64375
2001-11-27,2.11,2.15,2.1675,2.18875,2.2175,2.24,2.30875,2.3775,2.44875,2.53,2.62,2.71
2001-11-28,2.08,2.09875,2.09625,2.10375,2.11375,2.12875,2.17625,2.2275,2.29,2.3625,2.44,2.52
2001-11-29,2.14375,2.1075,2.08125,2.08375,2.08938,2.0975,2.1475,2.2025,2.26125,2.33625,2.4175,2.49375
2001-11-30,2.11875,2.06375,2.03188,2.0325,2.02875,2.03,2.075,2.1225,2.17125,2.24,2.31375,2.38625
2001-12-03,2.10625,2.04375,2.0075,2.0075,2.00125,2.00125,2.045,2.095,2.14063,2.205,2.27438,2.34125
2001-12-04,2.09125,2.03,2,2,2,2,2.045,2.09625,2.14375,2.215,2.2825,2.3525
2001-12-05,2.04375,1.9975,1.98125,1.98,1.99,1.99875,2.04125,2.0925,2.14625,2.215,2.285,2.3575
2001-12-06,2.0425,2.01625,2.02,2.0475,2.07625,2.10625,2.1725,2.24625,2.31875,2.40625,2.49625,2.59125
2001-12-07,2.0225,2.01125,2.00375,2.025,2.05625,2.08625,2.15313,2.22438,2.29188,2.38125,2.47125,2.57
2001-12-10,1.94125,1.93125,1.93,1.95,1.97,1.98375,2.04375,2.10625,2.1725,2.26,2.35125,2.44125
2001-12-11,1.92,1.90875,1.9,1.91,1.92,1.93,1.98375,2.04125,2.1,2.18375,2.27,2.3575
2001-12-12,1.8975,1.88,1.86313,1.8725,1.8875,1.90875,1.9575,2.01,2.07,2.15,2.23,2.30875
2001-12-13,1.89563,1.88,1.87,1.87875,1.8975,1.9175,1.96625,2.02,2.08,2.15625,2.235,2.31625
2001-12-14,1.91,1.9,1.895,1.92,1.94,1.96,2.02125,2.08875,2.15875,2.24,2.32,2.41
2001-12-17,1.92,1.91,1.90125,1.93375,1.96125,1.99563,2.06125,2.125,2.19563,2.27813,2.36688,2.45875
2001-12-18,1.9325,1.92,1.91,1.94,1.9675,1.99688,2.05125,2.1125,2.1725,2.25375,2.33375,2.4225
2001-12-19,1.93125,1.92,1.9025,1.93,1.95125,1.98,2.0325,2.09125,2.15,2.23,2.31,2.39
2001-12-20,1.93125,1.92,1.9025,1.93125,1.95125,1.98,2.0325,2.0925,2.15,2.23,2.31,2.3925
2001-12-21,1.93,1.92,1.9,1.93,1.95,1.98,2.03625,2.09625,2.1575,2.235,2.31625,2.39875
2001-12-24,1.92563,1.91563,1.90375,1.93,1.95125,1.9825,2.0425,2.10625,2.17375,2.25125,2.33125,2.42438
2001-12-25,.,.,.,.,.,.,.,.,.,.,.,.
2001-12-26,.,.,.,.,.,.,.,.,.,.,.,.
2001-12-27,1.93,1.9175,1.90875,1.94,1.96625,2.0075,2.07625,2.1475,2.22,2.31125,2.40125,2.50125
2001-12-28,1.87375,1.875,1.88125,1.91125,1.945,1.98125,2.045,2.11375,2.18,2.2625,2.35125,2.44125
2001-12-31,1.87375,1.875,1.88125,1.91125,1.9425,1.98125,2.05063,2.11625,2.18125,2.26625,2.35625,2.4425
2002-01-01,.,.,.,.,.,.,.,.,.,.,.,.
2002-01-02,1.86,1.86,1.86375,1.8925,1.925,1.9625,2.015,2.07375,2.13625,2.2225,2.30875,2.4
2002-01-03,1.86625,1.86875,1.87563,1.91875,1.95875,2,2.06,2.1175,2.18875,2.27063,2.35938,2.455
2002-01-04,1.86,1.86,1.87,1.9025,1.94,1.9825,2.04125,2.1,2.17313,2.25875,2.34875,2.44063
2002-01-07,1.8525,1.86,1.87,1.90125,1.94,1.98,2.04125,2.1025,2.1725,2.255,2.34,2.43
2002-01-08,1.84,1.84,1.8425,1.87,1.9,1.9325,1.9925,2.04875,2.11125,2.1875,2.265,2.345
2002-01-09,1.84,1.84,1.84375,1.87125,1.9025,1.9425,2.00125,2.06,2.1225,2.2025,2.2825,2.37125
2002-01-10,1.83,1.83,1.83125,1.86375,1.8925,1.935,1.99375,2.05125,2.1125,2.1925,2.27,2.35
2002-01-11,1.82,1.8225,1.82688,1.855,1.885,1.9275,1.9875,2.045,2.1075,2.1825,2.25938,2.34
2002-01-14,1.74125,1.73,1.72375,1.7425,1.76375,1.79125,1.83625,1.88375,1.9325,1.99625,2.06375,2.13
2002-01-15,1.74,1.73,1.72375,1.75,1.77,1.8,1.84375,1.8925,1.94,2.00375,2.075,2.1475
2002-01-16,1.73125,1.72375,1.71563,1.7425,1.7625,1.79063,1.83,1.87125,1.9225,1.9875,2.05625,2.13
2002-01-17,1.73875,1.73875,1.74,1.76875,1.8,1.84,1.89,1.94125,1.99625,2.065,2.1375,2.21125
2002-01-18,1.75,1.76,1.77,1.80125,1.84125,1.88125,1.9375,1.99625,2.05375,2.13,2.20813,2.2875
2002-01-21,1.76125,1.775,1.79625,1.83625,1.87625,1.91625,1.96625,2.025,2.08625,2.1575,2.23375,2.315
2002-01-22,1.76125,1.78,1.8,1.84,1.88,1.9225,1.98,2.03875,2.1025,2.17625,2.2525,2.33375
2002-01-23,1.76,1.78,1.8,1.84,1.87875,1.9225,1.97875,2.03813,2.1025,2.17813,2.255,2.33875
2002-01-24,1.77,1.79,1.81,1.85,1.89125,1.94,2,2.06,2.13,2.20875,2.29,2.37875
2002-01-25,1.8275,1.84375,1.87,1.91875,1.96625,2.02,2.08875,2.16,2.24,2.31875,2.4075,2.5
2002-01-28,1.83,1.84625,1.87,1.92,1.97,2.0225,2.09,2.16,2.2425,2.32125,2.40875,2.50125
2002-01-29,1.83,1.85,1.87,1.91875,1.97,2.02,2.09,2.16,2.24125,2.32,2.40938,2.5
2002-01-30,1.83,1.84625,1.86,1.8975,1.94375,1.98875,2.05125,2.11,2.18,2.25875,2.33875,2.42
2002-01-31,1.8475,1.86875,1.88,1.93,1.98,2.03375,2.0975,2.165,2.235,2.31625,2.405,2.49125
2002-02-01,1.86,1.89,1.92,1.965,2.02375,2.08375,2.1525,2.22375,2.30625,2.39125,2.48125,2.57375
2002-02-04,1.85,1.88,1.90875,1.95,1.995,2.04375,2.10125,2.16375,2.23375,2.31125,2.39125,2.4725
2002-02-05,1.84125,1.87125,1.9,1.94,1.98,2.02,2.0725,2.13125,2.19125,2.2625,2.34125,2.42
2002-02-06,1.84,1.87,1.9,1.94,1.9775,2.02,2.07,2.12813,2.18875,2.2575,2.33688,2.41625
2002-02-07,1.84,1.87,1.9,1.9375,1.97,2.01,2.0625,2.115,2.17375,2.24,2.31375,2.3875
2002-02-08,1.84,1.87,1.9,1.94,1.98,2.02125,2.075,2.135,2.1925,2.26375,2.33938,2.41875
2002-02-11,1.8375,1.86375,1.8925,1.93,1.97,2.00375,2.05563,2.115,2.1725,2.24375,2.3125,2.39
2002-02-12,1.84,1.86,1.89,1.93,1.97,2,2.05,2.10375,2.1625,2.23125,2.3025,2.3825
2002-02-13,1.8475,1.87125,1.9,1.94,1.98125,2.0275,2.085,2.14625,2.21125,2.28875,2.36875,2.45
2002-02-14,1.85,1.88125,1.91,1.9525,2.00375,2.055,2.11625,2.1825,2.24875,2.32625,2.4075,2.495
2002-02-15,1.85,1.88,1.91,1.95,2.00625,2.06,2.12,2.18375,2.25125,2.325,2.40875,2.4925
2002-02-18,1.85,1.88125,1.90375,1.93438,1.985,2.03188,2.0925,2.1525,2.21188,2.28438,2.3575,2.43188
2002-02-19,1.85,1.88,1.90125,1.935,1.98125,2.03,2.09,2.15,2.21,2.2825,2.355,2.43
2002-02-20,1.85,1.88,1.9025,1.9375,1.98625,2.04,2.09875,2.16,2.22,2.29125,2.3625,2.44
2002-02-21,1.85,1.8825,1.91,1.9525,2.00125,2.05,2.10875,2.17125,2.23125,2.3075,2.3875,2.46
2002-02-22,1.85,1.88,1.90125,1.9425,1.98875,2.035,2.09,2.15125,2.21,2.2825,2.355,2.43
2002-02-25,1.85,1.88,1.90125,1.9425,1.98625,2.04,2.09875,2.16,2.22,2.2925,2.3625,2.44
2002-02-26,1.85,1.88125,1.90125,1.95,1.995,2.05,2.11,2.17125,2.23375,2.3075,2.385,2.4625
2002-02-27,1.87,1.89125,1.91125,1.96,2.01,2.06,2.12,2.18125,2.25,2.33,2.41,2.49
2002-02-28,1.87,1.8875,1.9,1.945,1.99,2.03,2.09,2.15,2.21,2.28125,2.35125,2.43
2002-03-01,1.87,1.89,1.90125,1.95,1.99375,2.04,2.10625,2.17375,2.24,2.32125,2.4,2.48
2002-03-04,1.88,1.90188,1.92,1.98,2.03125,2.09063,2.16688,2.2475,2.32188,2.4125,2.505,2.5925
2002-03-05,1.88,1.9,1.92,1.98,2.03,2.09,2.16375,2.24375,2.32,2.41,2.5,2.59
2002-03-06,1.88,1.9,1.92,1.98,2.03,2.09,2.16375,2.245,2.32,2.41125,2.505,2.6
2002-03-07,1.88,1.9,1.92125,1.98,2.04,2.1,2.18125,2.26125,2.3425,2.44125,2.54,2.63375
2002-03-08,1.9,1.93,1.96,2.03875,2.11125,2.18375,2.275,2.36875,2.46625,2.57625,2.68,2.7825
2002-03-11,1.9,1.94,2,2.07,2.14875,2.22938,2.32625,2.42688,2.53,2.64125,2.75,2.86
2002-03-12,1.9,1.94,2,2.07,2.15,2.23,2.3275,2.42813,2.53,2.63625,2.74625,2.85375
2002-03-13,1.9,1.94,2,2.08,2.16,2.24625,2.34625,2.44625,2.55,2.65938,2.77063,2.88
2002-03-14,1.9,1.94,1.99,2.06625,2.14625,2.21875,2.31,2.4,2.5,2.60125,2.70125,2.8075
2002-03-15,1.9,1.95,2.01,2.1,2.19125,2.28125,2.38438,2.49125,2.6,2.71,2.82,2.93188
2002-03-18,1.90125,1.95,2.01,2.10125,2.19,2.28,2.38,2.48125,2.58875,2.69875,2.80875,2.91875
2002-03-19,1.9,1.95,2.01,2.1075,2.19875,2.29625,2.3975,2.49875,2.6,2.71125,2.82125,2.92875
2002-03-20,1.9,1.94,1.99375,2.0825,2.17,2.25,2.3525,2.45375,2.56,2.67375,2.7825,2.89
2002-03-21,1.9,1.95,2.01875,2.12125,2.22375,2.33,2.44125,2.5525,2.67125,2.78625,2.8975,3.01125
2002-03-22,1.9,1.95,2.03,2.13,2.2375,2.34,2.45125,2.56375,2.68125,2.8,2.9125,3.0275
2002-03-25,1.9,1.95,2.0375,2.14125,2.25,2.36,2.4725,2.5925,2.71,2.82875,2.94625,3.0625
2002-03-26,1.90875,1.96,2.0475,2.16,2.26875,2.37875,2.495,2.61375,2.73375,2.855,2.96875,3.0825
2002-03-27,1.88375,1.9475,2.0375,2.14,2.24,2.34125,2.455,2.57,2.69,2.80375,2.91125,3.02
2002-03-28,1.87875,1.94,2.03,2.13125,2.23125,2.33,2.445,2.56,2.68,2.79,2.8975,3.0025
2002-03-29,.,.,.,.,.,.,.,.,.,.,.,.
2002-04-01,.,.,.,.,.,.,.,.,.,.,.,.
2002-04-02,1.88,1.94375,2.04,2.15,2.25,2.36,2.4825,2.60125,2.73,2.84,2.94875,3.05625
2002-04-03,1.8725,1.93375,2.02625,2.13,2.2375,2.34,2.45,2.5625,2.68,2.78625,2.8925,3
2002-04-04,1.87,1.93,2.0125,2.11,2.21,2.31,2.42,2.53,2.64,2.74375,2.84625,2.95
2002-04-05,1.87,1.93,2.01,2.10125,2.2,2.3,2.41,2.51875,2.63,2.7375,2.8375,2.9425
2002-04-08,1.86,1.90375,1.98625,2.07125,2.15375,2.24,2.34625,2.45125,2.55625,2.65625,2.755,2.86
2002-04-09,1.86,1.90063,1.99,2.08,2.16,2.25,2.36,2.47,2.58,2.67875,2.7775,2.87938
2002-04-10,1.86,1.9,1.98,2.06,2.14,2.22125,2.315,2.41125,2.51125,2.61,2.71,2.81
2002-04-11,1.86,1.9,1.98,2.06125,2.14125,2.24,2.3425,2.44125,2.54875,2.64875,2.7475,2.85
2002-04-12,1.86,1.9,1.98,2.06,2.14,2.23,2.325,2.4225,2.5225,2.6225,2.72125,2.8225
2002-04-15,1.86,1.9,1.97,2.05,2.13,2.20125,2.2925,2.3825,2.4825,2.57625,2.67,2.7675
2002-04-16,1.86,1.9,1.97,2.05,2.12875,2.2,2.3,2.395,2.49625,2.58875,2.6825,2.78375
2002-04-17,1.86,1.9,1.97,2.05,2.13,2.21,2.305,2.4,2.5,2.59625,2.69625,2.795
2002-04-18,1.8575,1.885,1.94875,2.02,2.08875,2.16,2.25,2.3375,2.4375,2.53,2.625,2.72375
2002-04-19,1.85,1.88,1.94,2.01,2.07125,2.14875,2.23625,2.32375,2.4175,2.5125,2.6075,2.7075
2002-04-22,1.85,1.88,1.94,2.01,2.075,2.16,2.25125,2.34125,2.44,2.5375,2.635,2.73375
2002-04-23,1.85,1.88,1.94,2.01,2.07125,2.15,2.24,2.33,2.43,2.5225,2.615,2.7125
2002-04-24,1.85,1.88,1.94,2.01,2.0725,2.16,2.25,2.34,2.4425,2.53875,2.63625,2.73625
2002-04-25,1.84375,1.87,1.92875,1.9875,2.04875,2.12375,2.20375,2.28625,2.3725,2.455,2.54375,2.63375
2002-04-26,1.8425,1.87,1.92125,1.98375,2.04375,2.12375,2.21,2.29875,2.39,2.475,2.5625,2.65375
2002-04-29,1.84125,1.87,1.9125,1.97,2.03,2.0975,2.18,2.265,2.35125,2.43625,2.5225,2.61125
2002-04-30,1.84,1.87,1.92,1.98,2.04625,2.12,2.19875,2.27875,2.37,2.45625,2.545,2.63375
2002-05-01,1.84,1.87,1.92,1.98,2.04875,2.12,2.2,2.28,2.37,2.46,2.55,2.64
2002-05-02,1.84,1.87,1.92,1.98,2.04875,2.12,2.2,2.28,2.37,2.46,2.55,2.64
2002-05-03,1.84,1.87,1.92,1.98,2.05,2.13,2.2175,2.31,2.4,2.49,2.58,2.67
2002-05-06,.,.,.,.,.,.,.,.,.,.,.,.
2002-05-07,1.84,1.87,1.9,1.95,2.00875,2.07,2.14375,2.22125,2.30125,2.38125,2.46125,2.55125
2002-05-08,1.84,1.8675,1.89625,1.9475,2,2.06,2.13,2.21,2.29,2.37375,2.4625,2.5525
2002-05-09,1.84,1.87,1.915,1.98,2.05,2.12,2.21,2.3025,2.4,2.49625,2.59625,2.69625
2002-05-10,1.84,1.87,1.9,1.96,2.02,2.08,2.1625,2.25375,2.34,2.435,2.53375,2.63
2002-05-13,1.84,1.86875,1.9,1.95,2,2.06,2.13875,2.22,2.3025,2.38875,2.48,2.5675
2002-05-14,1.84,1.87,1.9,1.96,2.02,2.0825,2.1675,2.26,2.3475,2.4375,2.53,2.63
2002-05-15,1.84,1.87875,1.92,1.9875,2.06,2.13375,2.23,2.3325,2.43,2.53,2.63,2.7325
2002-05-16,1.84,1.87,1.91,1.98,2.05125,2.1225,2.21375,2.31,2.40625,2.50625,2.6075,2.70625
2002-05-17,1.84,1.87,1.9025,1.965,2.03625,2.10625,2.1925,2.29,2.385,2.48,2.58125,2.68
2002-05-20,1.84,1.87,1.9075,1.97125,2.045,2.12313,2.22,2.32125,2.42125,2.52125,2.62125,2.72
2002-05-21,1.84,1.87,1.9,1.96375,2.035,2.11,2.1975,2.28875,2.38,2.475,2.57375,2.67375
2002-05-22,1.84,1.87,1.89625,1.95125,2.0125,2.075,2.15375,2.24,2.3275,2.4175,2.51125,2.6075
2002-05-23,1.84,1.87,1.9,1.95375,2.02,2.09,2.17875,2.27125,2.36125,2.45375,2.5475,2.64375
2002-05-24,1.84,1.87,1.9,1.96875,2.04,2.11,2.19625,2.29,2.38625,2.47625,2.57125,2.67
2002-05-27,1.84,1.87,1.9,1.97,2.04,2.11,2.2,2.29063,2.38375,2.4775,2.57625,2.6725
2002-05-28,1.84,1.87,1.9,1.97,2.0425,2.12063,2.21625,2.3075,2.40375,2.505,2.605,2.7075
2002-05-29,1.84,1.87,1.89875,1.95625,2.03,2.0975,2.18375,2.27125,2.36,2.45938,2.55938,2.65625
2002-05-30,1.84375,1.87,1.8975,1.9575,2.025,2.09,2.17625,2.26125,2.3475,2.44,2.53375,2.63375
2002-05-31,1.84375,1.87,1.89625,1.955,2.01875,2.08,2.16,2.245,2.32,2.41,2.5,2.59125
2002-06-03,.,.,.,.,.,.,.,.,.,.,.,.
2002-06-04,.,.,.,.,.,.,.,.,.,.,.,.
2002-06-05,1.84,1.87,1.89125,1.95,2.01188,2.08,2.16,2.24063,2.32,2.41,2.5,2.59625
2002-06-06,1.84,1.87,1.89,1.94875,2.01,2.07,2.15188,2.23188,2.31,2.4,2.49188,2.58625
2002-06-07,1.84,1.86875,1.89,1.94,2,2.06,2.135,2.21125,2.28813,2.37625,2.46375,2.55375
2002-06-10,1.84,1.87,1.89,1.945,2.0025,2.07,2.15,2.23,2.31,2.40375,2.49875,2.595
2002-06-11,1.84,1.87,1.89,1.935,1.9925,2.05,2.1325,2.21125,2.28875,2.37875,2.46875,2.56375
2002-06-12,1.84,1.86875,1.88688,1.92,1.97875,2.02875,2.10125,2.17,2.24,2.33,2.42,2.51
2002-06-13,1.84,1.87,1.88688,1.9225,1.98,2.03,2.10375,2.17625,2.25,2.34,2.43125,2.52
2002-06-14,1.83938,1.85938,1.87938,1.90375,1.9475,1.98375,2.045,2.105,2.165,2.24375,2.32375,2.41125
2002-06-17,1.84,1.86,1.87875,1.9,1.94188,1.98,2.04125,2.09563,2.15438,2.2325,2.31125,2.39125
2002-06-18,1.83875,1.86,1.88,1.9025,1.95,1.99,2.05,2.1075,2.165,2.23875,2.3175,2.39875
2002-06-19,1.84,1.86,1.87438,1.89875,1.9375,1.97375,2.0225,2.07375,2.12375,2.1925,2.265,2.34
2002-06-20,1.84,1.86,1.87,1.89,1.93,1.97,2.02,2.06875,2.11875,2.185,2.255,2.32438
2002-06-21,1.84,1.86,1.87438,1.9,1.94,1.98125,2.0375,2.0925,2.15,2.22188,2.29125,2.36438
2002-06-24,1.84,1.85875,1.87,1.9,1.9325,1.97313,2.02625,2.07125,2.12188,2.18875,2.2525,2.32188
2002-06-25,1.84,1.86,1.87,1.9,1.9325,1.9725,2.02375,2.07125,2.13,2.2,2.26875,2.34
2002-06-26,1.83875,1.8475,1.855,1.875,1.89625,1.91375,1.95125,1.98625,2.025,2.07875,2.135,2.19375
2002-06-27,1.83875,1.8475,1.86,1.88,1.90125,1.94875,1.9875,2.0275,2.0675,2.1275,2.18875,2.24875
2002-06-28,1.83875,1.85,1.86,1.8875,1.91,1.95625,1.995,2.0375,2.08625,2.15,2.21625,2.28625
2002-07-01,1.83875,1.85,1.86,1.8875,1.91,1.95,1.99,2.03125,2.0725,2.135,2.2025,2.27375
2002-07-02,1.83875,1.85,1.86,1.8875,1.91,1.95,1.98875,2.02875,2.07,2.1325,2.19625,2.26875
2002-07-03,1.83875,1.85,1.86,1.88625,1.91,1.94625,1.98,2.02,2.06,2.12,2.17875,2.2425
2002-07-04,1.84,1.85,1.86,1.89,1.91,1.94938,1.98688,2.02688,2.07,2.13,2.19125,2.255
2002-07-05,1.84,1.85,1.86,1.89313,1.92,1.96,2.00375,2.05188,2.10375,2.16625,2.23125,2.3
2002-07-08,1.84,1.85,1.86,1.89,1.915,1.95,1.99188,2.03875,2.09,2.15188,2.22,2.29
2002-07-09,1.84,1.85,1.86,1.89,1.91313,1.95,1.99125,2.03375,2.08,2.14313,2.21125,2.28
2002-07-10,1.84,1.85,1.86,1.88,1.9,1.93,1.96125,2,2.04,2.09,2.145,2.20125
2002-07-11,1.83875,1.85,1.86,1.87,1.89,1.92,1.95,1.98,2.01,2.05375,2.10375,2.1525
2002-07-12,1.84,1.85,1.86,1.88,1.9,1.935,1.96625,1.99875,2.0325,2.0825,2.1325,2.18125
2002-07-15,1.83875,1.85,1.86,1.87,1.88313,1.91,1.93,1.95125,1.9825,2.02125,2.06125,2.105
2002-07-16,1.8375,1.84938,1.855,1.8625,1.875,1.89375,1.915,1.9375,1.96625,1.99875,2.03625,2.08
2002-07-17,1.84,1.85,1.86,1.87,1.88375,1.9175,1.9475,1.9775,2.01,2.055,2.10375,2.155
2002-07-18,1.84,1.85,1.86,1.87,1.885,1.92375,1.95375,1.98625,2.02375,2.07375,2.12375,2.1775
2002-07-19,1.84,1.85,1.86,1.87,1.88,1.90875,1.93,1.9525,1.98,2.02,2.06,2.11
2002-07-22,1.83875,1.8475,1.85438,1.86,1.87,1.88625,1.90625,1.92688,1.95,1.99,2.03,2.07
2002-07-23,1.83688,1.845,1.85125,1.86,1.87,1.89,1.91,1.9325,1.96313,2.00063,2.04313,2.09188
2002-07-24,1.8175,1.82,1.82,1.82,1.82,1.82125,1.8275,1.83375,1.8425,1.8725,1.9025,1.93875
2002-07-25,1.82,1.825,1.8275,1.82875,1.8325,1.8475,1.86625,1.88625,1.91125,1.94875,1.98875,2.03
2002-07-26,1.81,1.81,1.81,1.81125,1.8125,1.82,1.83,1.83875,1.84625,1.875,1.90625,1.94375
2002-07-29,1.81,1.81,1.81,1.8125,1.815,1.83,1.84375,1.8625,1.8825,1.91375,1.95,1.99
2002-07-30,1.81875,1.82,1.8225,1.8325,1.85,1.86125,1.88375,1.9125,1.94,1.98,2.02,2.07
2002-07-31,1.82,1.82,1.82375,1.83313,1.85125,1.87,1.89375,1.92375,1.95125,1.995,2.04125,2.09
2002-08-01,1.81,1.81,1.8125,1.81375,1.82688,1.83,1.84,1.8575,1.875,1.90375,1.93375,1.97375
2002-08-02,1.8,1.8,1.8,1.8,1.81,1.81,1.81625,1.82125,1.83,1.85875,1.8875,1.92
2002-08-05,1.78875,1.7775,1.77,1.75625,1.74625,1.73625,1.73625,1.73625,1.735,1.75375,1.77125,1.79125
2002-08-06,1.78,1.77,1.7575,1.745,1.74,1.73125,1.73563,1.74,1.74375,1.76,1.78125,1.805
2002-08-07,1.78,1.77,1.76,1.75,1.7425,1.73875,1.7425,1.75,1.75625,1.77875,1.80625,1.83313
2002-08-08,1.7775,1.76,1.7425,1.7325,1.72,1.71,1.71,1.71,1.71,1.73,1.75,1.78
2002-08-09,1.78,1.7675,1.7525,1.74875,1.74875,1.74563,1.75,1.75875,1.76875,1.7925,1.8225,1.85375
2002-08-12,1.78,1.7675,1.75,1.74,1.73,1.72,1.72688,1.73,1.74,1.76,1.7875,1.81938
2002-08-13,1.78,1.76875,1.75,1.74188,1.74,1.73813,1.7425,1.74875,1.75938,1.78375,1.81375,1.845
2002-08-14,1.78,1.75125,1.73313,1.71375,1.695,1.685,1.68313,1.68063,1.68188,1.69625,1.715,1.73625
2002-08-15,1.79,1.77,1.7575,1.74188,1.74,1.73875,1.74375,1.75125,1.76125,1.78875,1.815,1.84813
2002-08-16,1.7975,1.775,1.76,1.75,1.74906,1.74625,1.75875,1.77125,1.79,1.8225,1.855,1.895
2002-08-19,1.805,1.78563,1.77,1.7675,1.7675,1.76594,1.78125,1.8,1.825,1.85875,1.89875,1.93875
2002-08-20,1.8075,1.79,1.77,1.76625,1.765,1.76375,1.77625,1.79125,1.80875,1.83875,1.8725,1.91375
2002-08-21,1.80625,1.79,1.77,1.76375,1.76125,1.76,1.77,1.78,1.79625,1.8275,1.85875,1.89625
2002-08-22,1.81,1.79,1.78,1.7775,1.78,1.78,1.79,1.80875,1.8275,1.8575,1.88875,1.9275
2002-08-23,1.81125,1.8,1.79625,1.7975,1.79875,1.8,1.8175,1.8375,1.86,1.89,1.92375,1.96125
2002-08-26,.,.,.,.,.,.,.,.,.,.,.,.
2002-08-27,1.81125,1.80375,1.8,1.8,1.8,1.8,1.81,1.82125,1.84,1.87,1.9,1.93625
2002-08-28,1.82,1.82,1.82,1.82,1.83,1.83125,1.85,1.87,1.89375,1.92375,1.955,1.99
2002-08-29,1.82,1.81375,1.81375,1.81375,1.81375,1.815,1.82625,1.83875,1.85375,1.8825,1.91125,1.9425
2002-08-30,1.82,1.81125,1.80625,1.8,1.8,1.795,1.8,1.81,1.81625,1.84125,1.86625,1.89625
2002-09-02,1.82,1.81188,1.80875,1.80125,1.8,1.8,1.81,1.82,1.83,1.85875,1.88625,1.91625
2002-09-03,1.82,1.81,1.80188,1.8,1.79688,1.79,1.79938,1.80688,1.8125,1.83563,1.865,1.89125
2002-09-04,1.81,1.795,1.7825,1.77,1.7575,1.74688,1.74813,1.74875,1.74875,1.765,1.78625,1.80938
2002-09-05,1.81,1.795,1.78,1.76938,1.75,1.74,1.74,1.74,1.74,1.7525,1.77,1.7875
2002-09-06,1.81,1.78563,1.775,1.755,1.73625,1.72,1.72,1.72,1.7175,1.73063,1.7475,1.76125
2002-09-09,1.8125,1.80625,1.80125,1.795,1.795,1.79313,1.80063,1.81,1.82,1.84313,1.87,1.89938
2002-09-10,1.82,1.81844,1.81625,1.81563,1.81563,1.81938,1.83125,1.85125,1.86875,1.8975,1.92625,1.95875
2002-09-11,1.82,1.82,1.81938,1.82,1.82,1.82,1.83625,1.85375,1.8725,1.905,1.9375,1.975
2002-09-12,1.82313,1.82188,1.82625,1.82875,1.8275,1.82875,1.84,1.86,1.8825,1.91125,1.94438,1.98
2002-09-13,1.82,1.82,1.82,1.82,1.81688,1.815,1.82063,1.82813,1.83938,1.86,1.89063,1.91938
2002-09-16,1.82,1.82,1.82,1.82,1.81563,1.81438,1.8225,1.83125,1.84188,1.86938,1.8975,1.92875
2002-09-17,1.82438,1.82938,1.83,1.83,1.83,1.83063,1.85,1.86813,1.88813,1.92,1.9525,1.9925
2002-09-18,1.82,1.82,1.82,1.81813,1.81,1.805,1.81063,1.81938,1.82563,1.85,1.87813,1.90563
2002-09-19,1.82,1.82,1.82,1.81875,1.81,1.80688,1.81125,1.82,1.83,1.85,1.88,1.90813
2002-09-20,1.815,1.80625,1.8,1.79188,1.78,1.77125,1.77313,1.77875,1.78563,1.80938,1.83688,1.86625
2002-09-23,1.81375,1.80125,1.79625,1.7825,1.76875,1.7575,1.75875,1.76375,1.76625,1.7875,1.80625,1.83
2002-09-24,1.81063,1.80188,1.79438,1.78,1.76688,1.7525,1.7525,1.7525,1.7525,1.7725,1.7975,1.82
2002-09-25,1.81,1.8,1.79063,1.77438,1.7575,1.75063,1.75063,1.75063,1.7525,1.77063,1.79313,1.81625
2002-09-26,1.81375,1.8,1.79813,1.78,1.76875,1.75688,1.75875,1.76,1.76625,1.785,1.805,1.83
2002-09-27,1.82,1.80875,1.80625,1.78125,1.76875,1.75,1.75,1.75063,1.75063,1.77,1.79,1.81063
2002-09-30,1.81125,1.8,1.79,1.76,1.73125,1.71,1.7,1.69438,1.69,1.7,1.70875,1.725
2002-10-01,1.7975,1.77875,1.76188,1.73,1.69,1.66,1.65,1.64,1.63,1.64,1.65,1.66
2002-10-02,1.8,1.78,1.77,1.74,1.71,1.68875,1.68375,1.68,1.68,1.69,1.70188,1.72
2002-10-03,1.8,1.775,1.76,1.72875,1.69,1.66,1.65063,1.645,1.64,1.65125,1.66813,1.68
2002-10-04,1.8,1.77688,1.76,1.73,1.6975,1.67,1.66,1.655,1.65063,1.665,1.68188,1.7
2002-10-07,1.8,1.78,1.76,1.73625,1.7075,1.68,1.6775,1.67,1.67,1.69,1.70625,1.72125
2002-10-08,1.8,1.78,1.76563,1.74625,1.725,1.71,1.7075,1.70375,1.70188,1.72,1.74,1.76
2002-10-09,1.8,1.78,1.77,1.75,1.73,1.72,1.72,1.7175,1.71875,1.73438,1.75375,1.7725
2002-10-10,1.8,1.78,1.76375,1.74,1.7175,1.68875,1.685,1.68,1.68,1.69,1.70125,1.7175
2002-10-11,1.8025,1.78875,1.775,1.755,1.7375,1.72,1.72,1.71875,1.71625,1.73,1.7475,1.77
2002-10-14,1.805,1.79125,1.78,1.77,1.76,1.75,1.75188,1.755,1.75875,1.77125,1.79125,1.80813
2002-10-15,1.815,1.8075,1.8025,1.79125,1.79,1.79188,1.79625,1.805,1.815,1.83438,1.85313,1.87688
2002-10-16,1.82125,1.82,1.8225,1.82375,1.82375,1.82375,1.83375,1.84875,1.8675,1.88813,1.91563,1.94813
2002-10-17,1.83,1.83,1.84,1.84,1.84063,1.84188,1.86,1.88,1.9,1.93,1.96125,1.9975
2002-10-18,1.82875,1.82875,1.8275,1.82625,1.82313,1.82375,1.83,1.84,1.85,1.8775,1.90625,1.93875
2002-10-21,1.8275,1.82625,1.82625,1.82375,1.82,1.82,1.83,1.84,1.85063,1.87875,1.90875,1.94
2002-10-22,1.8325,1.83375,1.84,1.84,1.84,1.84125,1.86,1.88,1.9,1.9325,1.96813,2.01
2002-10-23,1.83,1.83,1.83875,1.84,1.84,1.84,1.85125,1.86375,1.8825,1.9175,1.95375,1.9925
2002-10-24,1.83,1.83,1.83,1.83,1.825,1.82188,1.8275,1.83813,1.85,1.87875,1.91,1.94875
2002-10-25,1.82,1.82,1.82,1.82,1.81,1.8,1.8075,1.81625,1.82375,1.85,1.88125,1.9125
2002-10-28,1.8,1.7875,1.7775,1.755,1.73,1.705,1.705,1.70875,1.71375,1.7325,1.7525,1.775
2002-10-29,1.79,1.77,1.76,1.73,1.7,1.67,1.67,1.66438,1.66313,1.68,1.6975,1.71375
2002-10-30,1.74,1.72375,1.70688,1.6775,1.64875,1.61875,1.6175,1.61438,1.615,1.62813,1.64688,1.66688
2002-10-31,1.71625,1.7,1.68625,1.65875,1.63,1.6,1.59313,1.59,1.58813,1.60125,1.6175,1.63625
2002-11-01,1.69,1.67875,1.65875,1.63,1.60125,1.57438,1.57125,1.56813,1.56438,1.57875,1.59813,1.61625
2002-11-04,1.6525,1.6425,1.63375,1.6175,1.59375,1.56938,1.5675,1.57,1.57,1.59,1.61,1.63
2002-11-05,1.63875,1.63,1.62,1.6,1.57375,1.55313,1.55313,1.55438,1.56,1.57875,1.59875,1.62
2002-11-06,1.62625,1.62,1.61,1.59,1.57,1.55313,1.555,1.56,1.565,1.585,1.605,1.6325
2002-11-07,1.38,1.395,1.395,1.395,1.4,1.4075,1.42,1.43625,1.45375,1.48375,1.5175,1.55625
2002-11-08,1.37875,1.39375,1.395,1.39625,1.4,1.4,1.41188,1.43125,1.45,1.48,1.51,1.54813
2002-11-11,1.38,1.39625,1.3975,1.39938,1.4,1.4,1.41,1.42438,1.44,1.47313,1.50438,1.54
2002-11-12,1.38,1.4,1.4,1.4,1.4,1.4,1.41,1.42063,1.43188,1.46438,1.495,1.53
2002-11-13,1.38125,1.40125,1.4,1.4,1.4,1.40063,1.4125,1.43125,1.45125,1.47875,1.51125,1.55063
2002-11-14,1.38125,1.40813,1.405,1.405,1.4075,1.40938,1.42,1.435,1.455,1.48188,1.51625,1.55313
2002-11-15,1.39,1.42,1.42031,1.43,1.44,1.45,1.47125,1.49625,1.52875,1.5675,1.61,1.6525
2002-11-18,1.38813,1.42,1.42,1.42813,1.43688,1.4475,1.4675,1.49313,1.52,1.5575,1.6,1.64063
2002-11-19,1.38688,1.42,1.42,1.42563,1.43375,1.44,1.4575,1.47875,1.5,1.53625,1.57625,1.61625
2002-11-20,1.38125,1.42,1.42,1.42438,1.43375,1.44,1.45938,1.48,1.5,1.535,1.575,1.6175
2002-11-21,1.38,1.42,1.42375,1.435,1.445,1.45688,1.4825,1.51188,1.5425,1.58375,1.62438,1.67
2002-11-22,1.38,1.42375,1.42625,1.44,1.45063,1.465,1.4925,1.525,1.56,1.605,1.65,1.7
2002-11-25,1.38,1.42375,1.43,1.4475,1.46,1.48,1.51,1.54,1.58,1.63,1.68,1.73125
2002-11-26,1.38,1.42,1.4275,1.445,1.4575,1.4675,1.4975,1.52875,1.56,1.6025,1.65125,1.7
2002-11-27,1.38,1.42,1.42,1.4225,1.4325,1.44125,1.465,1.49625,1.52375,1.56375,1.605,1.65375
2002-11-28,1.43875,1.42,1.42563,1.44375,1.45563,1.47,1.5,1.53688,1.57563,1.62688,1.67688,1.73125
2002-11-29,1.43875,1.42375,1.425,1.44,1.45063,1.46875,1.4975,1.53063,1.56938,1.6175,1.67125,1.7275
2002-12-02,1.44,1.42125,1.4225,1.44,1.45188,1.47,1.5,1.53563,1.57313,1.62313,1.67563,1.73063
2002-12-03,1.44,1.42,1.42125,1.44,1.45,1.46438,1.49438,1.52563,1.56,1.6025,1.65375,1.70438
2002-12-04,1.44,1.42,1.42,1.43,1.44,1.45188,1.48063,1.51,1.5425,1.5875,1.6325,1.68125
2002-12-05,1.43375,1.42,1.42,1.43,1.44,1.45,1.47313,1.50313,1.53063,1.57125,1.61563,1.66063
2002-12-06,1.43125,1.42,1.42,1.43,1.44,1.45,1.47313,1.50125,1.53,1.57125,1.61438,1.66
2002-12-09,1.4225,1.41375,1.41125,1.42,1.42,1.43,1.45,1.47,1.49,1.52,1.55563,1.59063
2002-12-10,1.42125,1.41,1.41,1.42,1.42,1.43,1.45,1.47,1.49,1.52125,1.555,1.59375
2002-12-11,1.42,1.41,1.41,1.41875,1.42,1.43,1.45,1.47188,1.49875,1.53125,1.57,1.61
2002-12-12,1.42,1.41,1.41,1.42,1.42,1.42313,1.44125,1.46125,1.48125,1.51125,1.54625,1.5825
2002-12-13,1.42,1.41,1.41,1.42,1.42,1.42,1.43688,1.45375,1.47,1.50125,1.53125,1.56
2002-12-16,1.42,1.41,1.41,1.42,1.42,1.42,1.43438,1.45313,1.4725,1.50563,1.53688,1.57125
2002-12-17,1.42,1.41,1.41,1.42,1.42,1.43,1.44813,1.46813,1.49,1.5225,1.5575,1.5975
2002-12-18,1.42,1.41,1.41,1.41,1.41,1.42,1.43,1.4475,1.46188,1.4925,1.52375,1.56125
2002-12-19,1.41875,1.4075,1.4,1.4,1.4,1.4025,1.41375,1.42625,1.43875,1.4675,1.49625,1.52625
2002-12-20,1.41938,1.41,1.4,1.4,1.4,1.4,1.41,1.42,1.43,1.4575,1.48375,1.51125
2002-12-23,1.42,1.41,1.4,1.4,1.4,1.4,1.41,1.42,1.43188,1.45938,1.48688,1.51625
2002-12-24,1.42,1.41,1.4,1.4,1.4,1.4,1.41,1.42,1.43375,1.46,1.48906,1.5175
2002-12-25,.,.,.,.,.,.,.,.,.,.,.,.
2002-12-26,.,.,.,.,.,.,.,.,.,.,.,.
2002-12-27,1.4175,1.40875,1.4,1.4,1.3925,1.3925,1.4,1.40375,1.4125,1.43375,1.45625,1.48
2002-12-30,1.38,1.38,1.38,1.38,1.38,1.38,1.38,1.38125,1.38625,1.4025,1.42,1.4425
2002-12-31,1.38,1.38,1.38,1.38,1.38,1.38,1.38125,1.38375,1.39125,1.41063,1.42875,1.44938
2003-01-01,.,.,.,.,.,.,.,.,.,.,.,.
2003-01-02,1.38,1.38,1.38,1.38,1.38,1.38,1.38125,1.385,1.3975,1.41625,1.43625,1.4575
2003-01-03,1.38,1.38,1.39,1.39063,1.39313,1.40375,1.41938,1.43438,1.4525,1.48125,1.51188,1.54
2003-01-06,1.38,1.38,1.38875,1.39,1.3975,1.40563,1.42188,1.43938,1.4575,1.4875,1.5175,1.54875
2003-01-07,1.37875,1.38,1.3875,1.39,1.39375,1.40063,1.41688,1.43438,1.45625,1.485,1.51625,1.55
2003-01-08,1.37875,1.38,1.38,1.385,1.39,1.39,1.4,1.41,1.425,1.4525,1.4825,1.51
2003-01-09,1.375,1.37875,1.38,1.38,1.38875,1.39,1.4,1.41,1.42625,1.4525,1.48125,1.51125
2003-01-10,1.3725,1.38,1.38,1.38125,1.39,1.4,1.4125,1.4275,1.44625,1.47625,1.50625,1.54625
2003-01-13,1.37,1.3725,1.37563,1.37625,1.3825,1.39,1.4,1.41188,1.43,1.46,1.49,1.52
2003-01-14,1.36875,1.37,1.37313,1.37563,1.38,1.39,1.4,1.41,1.42063,1.45,1.48,1.51
2003-01-15,1.36625,1.37,1.37,1.37,1.37375,1.38,1.39,1.4,1.41,1.4325,1.4625,1.49
2003-01-16,1.36125,1.36813,1.37,1.37,1.37,1.38,1.39,1.39875,1.40875,1.43,1.455,1.4825
2003-01-17,1.36,1.36,1.36875,1.36875,1.37,1.37,1.37875,1.38875,1.4,1.42,1.4425,1.46938
2003-01-20,1.36,1.36,1.36375,1.36563,1.36875,1.36875,1.37375,1.38,1.38688,1.40563,1.42813,1.45313
2003-01-21,1.36,1.36,1.3625,1.365,1.36813,1.36875,1.37438,1.38,1.39,1.41,1.4325,1.46
2003-01-22,1.36,1.36,1.36,1.36,1.36,1.36,1.36375,1.3675,1.37125,1.3925,1.41625,1.4425
2003-01-23,1.3525,1.3525,1.3525,1.35375,1.3525,1.3525,1.36,1.37,1.38,1.4,1.42125,1.45
2003-01-24,1.34875,1.34938,1.34938,1.35,1.35,1.35,1.35375,1.35938,1.36,1.38,1.40125,1.43
2003-01-27,1.34125,1.34125,1.34125,1.34188,1.34188,1.34188,1.345,1.35125,1.3525,1.37375,1.39625,1.42375
2003-01-28,1.34,1.34,1.34,1.34,1.34,1.34375,1.35063,1.35875,1.37,1.39,1.41875,1.45
2003-01-29,1.34,1.34,1.34,1.34,1.34,1.34,1.34188,1.35,1.3525,1.3775,1.40125,1.43
2003-01-30,1.34,1.34063,1.35,1.35,1.35,1.35,1.36,1.37,1.38375,1.41375,1.44125,1.475
2003-01-31,1.34,1.34,1.35,1.35,1.35,1.34875,1.3525,1.36,1.37,1.39,1.42,1.45
2003-02-03,1.34,1.34,1.35,1.35,1.35,1.35,1.36,1.37,1.38,1.4,1.43,1.46
2003-02-04,1.34,1.34,1.35,1.35,1.35,1.35,1.35625,1.3625,1.3725,1.39625,1.42125,1.45125
2003-02-05,1.34,1.34,1.34875,1.35,1.34875,1.34875,1.355,1.36,1.37,1.39,1.41375,1.44
2003-02-06,1.34,1.34,1.35,1.35,1.35,1.35,1.35875,1.365,1.37125,1.3925,1.41625,1.44
2003-02-07,1.34,1.34,1.35,1.35,1.35,1.35,1.35438,1.36,1.3675,1.38875,1.41,1.4375
2003-02-10,1.34,1.34,1.34938,1.35,1.35,1.35,1.35,1.35938,1.36,1.38,1.4,1.42
2003-02-11,1.34,1.34,1.35,1.35,1.35,1.35,1.35125,1.36,1.36,1.38,1.4025,1.43
2003-02-12,1.34,1.34,1.34,1.34,1.34,1.34,1.34188,1.35,1.35,1.3625,1.38,1.4
2003-02-13,1.34,1.34,1.34,1.34,1.34,1.34,1.34,1.34,1.34,1.35625,1.37375,1.39
2003-02-14,1.33875,1.34,1.34,1.34,1.34,1.34,1.34,1.34,1.34,1.35563,1.3725,1.39
2003-02-17,1.34,1.34,1.34,1.34,1.34,1.34,1.34125,1.35,1.35875,1.37875,1.39875,1.42125
2003-02-18,1.34,1.34,1.34,1.34,1.34,1.34,1.34,1.34688,1.35,1.37,1.39,1.41
2003-02-19,1.34,1.34,1.34,1.34,1.34,1.34,1.3425,1.34875,1.355,1.375,1.395,1.4175
2003-02-20,1.3375,1.34,1.34,1.34,1.34,1.34,1.34,1.34375,1.34625,1.36,1.38,1.4
2003-02-21,1.33625,1.34,1.34,1.34,1.34,1.34,1.34,1.34375,1.34813,1.36188,1.38,1.4
2003-02-24,1.33625,1.34,1.34,1.34,1.34,1.34,1.34,1.34563,1.35,1.3625,1.38,1.3975
2003-02-25,1.3375,1.34,1.34,1.34,1.34,1.34,1.34,1.34,1.34,1.35,1.36875,1.38375
2003-02-26,1.3375,1.34,1.34,1.34,1.34,1.34,1.34,1.34438,1.34625,1.35625,1.37125,1.3875
2003-02-27,1.3375,1.33875,1.33875,1.33875,1.33875,1.33875,1.34,1.34,1.34,1.35,1.35625,1.36625
2003-02-28,1.3375,1.34,1.34,1.34,1.34,1.34,1.34,1.34125,1.3425,1.3525,1.36375,1.38125
2003-03-03,1.3375,1.33875,1.33875,1.33938,1.33813,1.33938,1.33938,1.34,1.34,1.35125,1.365,1.38
2003-03-04,1.33188,1.33063,1.33063,1.33,1.33,1.33,1.33,1.33,1.33,1.33938,1.34563,1.35625
2003-03-05,1.32875,1.3225,1.3225,1.32125,1.32125,1.32125,1.32125,1.32125,1.3225,1.3225,1.3275,1.33
2003-03-06,1.325,1.31875,1.3175,1.31875,1.315,1.31375,1.31375,1.3125,1.3125,1.31375,1.32,1.32
2003-03-07,1.32063,1.31719,1.31469,1.31344,1.31219,1.31188,1.31188,1.31188,1.31188,1.31313,1.31719,1.31969
2003-03-10,1.29125,1.27375,1.2625,1.24375,1.225,1.21375,1.2125,1.21125,1.21,1.21,1.2125,1.21375
2003-03-11,1.27,1.25,1.23125,1.21125,1.19125,1.17,1.17125,1.16875,1.1675,1.17375,1.18,1.19
2003-03-12,1.27,1.25,1.23,1.21188,1.2,1.18,1.18,1.18,1.18,1.19,1.2,1.21
2003-03-13,1.28,1.2675,1.25875,1.24625,1.2375,1.2275,1.23188,1.23563,1.2375,1.25375,1.27125,1.2925
2003-03-14,1.3,1.29,1.27875,1.26938,1.26,1.26,1.27,1.28063,1.29313,1.31438,1.33625,1.3625
2003-03-17,1.28125,1.27,1.26063,1.25,1.23313,1.21875,1.21875,1.22188,1.22375,1.24313,1.26375,1.285
2003-03-18,1.28375,1.27375,1.27,1.26,1.25,1.24,1.25,1.26313,1.28,1.3025,1.33,1.36
2003-03-19,1.3,1.295,1.28625,1.27875,1.27,1.2675,1.2775,1.28625,1.3,1.33,1.36,1.39
2003-03-20,1.30125,1.29813,1.29,1.28844,1.28,1.2775,1.28625,1.29625,1.30875,1.33625,1.36625,1.39625
2003-03-21,1.305,1.2975,1.29,1.28875,1.27938,1.2775,1.28625,1.29875,1.30938,1.3375,1.3675,1.39938
2003-03-24,1.30688,1.3,1.29,1.29,1.28,1.28,1.29,1.3,1.31,1.33875,1.37,1.4
2003-03-25,1.30875,1.3,1.29,1.28875,1.28,1.28,1.285,1.29,1.3,1.325,1.3525,1.38
2003-03-26,1.31,1.3,1.29,1.29,1.28,1.28,1.28875,1.29625,1.30938,1.3325,1.35938,1.38875
2003-03-27,1.31,1.3,1.29,1.28,1.27,1.27,1.27563,1.28125,1.29,1.31063,1.33313,1.36
2003-03-28,1.3075,1.3,1.29,1.28,1.27,1.26,1.26563,1.27313,1.2825,1.3,1.32,1.34
2003-03-31,1.3,1.28875,1.27875,1.25938,1.2425,1.23125,1.23313,1.23438,1.2375,1.24938,1.26313,1.28
2003-04-01,1.3,1.2875,1.2775,1.25938,1.23938,1.22625,1.2275,1.22938,1.23,1.24,1.2575,1.27188
2003-04-02,1.3,1.29,1.28,1.26375,1.25,1.24,1.24125,1.25,1.2575,1.27375,1.29125,1.3125
2003-04-03,1.3,1.29,1.27875,1.26,1.245,1.24,1.2475,1.2575,1.26875,1.29,1.31,1.34
2003-04-04,1.3,1.28938,1.2775,1.25938,1.23938,1.22,1.22,1.22875,1.23,1.25,1.27,1.29
2003-04-07,1.31,1.3,1.29,1.28,1.27,1.27,1.28,1.29,1.3,1.32,1.34813,1.37688
2003-04-08,1.31,1.3,1.29,1.28,1.27,1.26875,1.27875,1.28875,1.29625,1.3175,1.34,1.36625
2003-04-09,1.30813,1.2975,1.28625,1.27375,1.2575,1.24875,1.25188,1.2575,1.26625,1.28063,1.3,1.32
2003-04-10,1.30375,1.29,1.28,1.26188,1.24375,1.23375,1.23375,1.24,1.24188,1.25625,1.27375,1.295
2003-04-11,1.31,1.29875,1.28875,1.2775,1.27,1.26,1.26875,1.27625,1.2875,1.30625,1.32625,1.3475
2003-04-14,1.31125,1.30625,1.30125,1.3,1.29875,1.29875,1.30875,1.32,1.33,1.35,1.37125,1.4
2003-04-15,1.32,1.32,1.32,1.32,1.32,1.32875,1.33875,1.35188,1.37,1.39125,1.41375,1.44
2003-04-16,1.32938,1.32938,1.32938,1.32938,1.32813,1.33438,1.34438,1.36063,1.37625,1.39938,1.42,1.45
2003-04-17,1.32,1.32,1.32,1.32,1.32,1.32,1.32625,1.33,1.34,1.36,1.38,1.4025
2003-04-18,.,.,.,.,.,.,.,.,.,.,.,.
2003-04-21,.,.,.,.,.,.,.,.,.,.,.,.
2003-04-22,1.32,1.32,1.32,1.32,1.32,1.32,1.325,1.33,1.34125,1.36125,1.385,1.41
2003-04-23,1.32,1.32,1.32,1.32,1.32,1.32,1.33,1.34,1.35,1.37,1.3925,1.42
2003-04-24,1.32,1.32,1.32,1.31875,1.31625,1.31625,1.32375,1.33,1.34,1.36,1.38,1.4
2003-04-25,1.31781,1.31625,1.31125,1.30313,1.3,1.29313,1.295,1.29938,1.3,1.31375,1.33188,1.35
2003-04-28,1.315,1.30625,1.29875,1.28875,1.27875,1.2675,1.2675,1.27,1.2775,1.28875,1.29938,1.3175
2003-04-29,1.32,1.31,1.31,1.3,1.29,1.29,1.29,1.29813,1.3,1.32,1.34,1.36
2003-04-30,1.32,1.31,1.31,1.3,1.29,1.29,1.29,1.29813,1.3,1.31813,1.33625,1.3575
2003-05-01,1.31438,1.3075,1.3,1.29,1.27,1.26,1.26,1.26,1.26,1.27,1.28,1.29
2003-05-02,1.31,1.3,1.29,1.2775,1.26,1.25,1.25,1.25,1.25,1.26,1.27,1.28
2003-05-05,.,.,.,.,.,.,.,.,.,.,.,.
2003-05-06,1.31,1.3,1.29,1.28,1.27,1.26,1.26,1.26,1.26,1.27125,1.28313,1.30188
2003-05-07,1.31,1.29,1.28,1.26,1.24125,1.23625,1.23625,1.2325,1.2325,1.235,1.2375,1.2375
2003-05-08,1.31,1.29375,1.28125,1.27,1.2525,1.2425,1.2425,1.2425,1.2425,1.24375,1.25188,1.2525
2003-05-09,1.31,1.3,1.29,1.28,1.27,1.26,1.26,1.26125,1.26625,1.275,1.2825,1.2925
2003-05-12,1.31,1.3,1.29,1.27,1.26,1.25,1.25,1.245,1.24125,1.24625,1.25,1.26
2003-05-13,1.31,1.3,1.29,1.27313,1.26125,1.25,1.25,1.25,1.25,1.25563,1.26125,1.27
2003-05-14,1.31,1.3,1.29,1.2725,1.26125,1.25188,1.25188,1.2525,1.2525,1.26,1.27125,1.28125
2003-05-15,1.3175,1.3,1.29,1.27,1.26,1.24,1.24,1.24,1.235,1.24125,1.25,1.26
2003-05-16,1.31813,1.3,1.29,1.27063,1.26063,1.25,1.25,1.25,1.25,1.25625,1.26375,1.27375
2003-05-19,1.3175,1.29,1.27875,1.25,1.22875,1.20625,1.19625,1.18625,1.17875,1.17875,1.18625,1.18875
2003-05-20,1.31813,1.29,1.28,1.25938,1.23875,1.21875,1.21063,1.2075,1.2,1.20813,1.21125,1.22
2003-05-21,1.31625,1.28125,1.27,1.24,1.2175,1.19,1.18438,1.18,1.17,1.17,1.17813,1.18
2003-05-22,1.32,1.2925,1.28,1.26,1.24,1.22,1.22,1.22,1.22,1.22,1.22813,1.23
2003-05-23,1.31875,1.29,1.28,1.25125,1.23,1.21,1.21,1.20625,1.2025,1.20375,1.205,1.20875
2003-05-26,.,.,.,.,.,.,.,.,.,.,.,.
2003-05-27,1.32,1.29,1.28,1.25,1.23,1.21,1.21,1.2075,1.2,1.2,1.2075,1.21
2003-05-28,1.32,1.29,1.28,1.25875,1.24,1.22625,1.22438,1.22125,1.22,1.22563,1.2275,1.2375
2003-05-29,1.32,1.29,1.28,1.25875,1.24,1.22125,1.22,1.21625,1.21125,1.21375,1.21875,1.22125
2003-05-30,1.32,1.29,1.28,1.25875,1.23875,1.21375,1.2125,1.20625,1.2025,1.205,1.20625,1.21125
2003-06-02,1.32,1.29,1.28,1.26875,1.25,1.24,1.24,1.23625,1.2325,1.24,1.24,1.24875
2003-06-03,1.31875,1.29,1.28,1.26,1.24,1.23,1.23,1.225,1.22,1.22125,1.22938,1.23
2003-06-04,1.31,1.2725,1.2575,1.23875,1.20875,1.18,1.17125,1.16625,1.16,1.16,1.16,1.16
2003-06-05,1.29,1.26,1.24,1.21875,1.19375,1.16375,1.155,1.15,1.1425,1.1425,1.1475,1.15
2003-06-06,1.27375,1.23625,1.20688,1.18625,1.165,1.14125,1.13625,1.13063,1.1275,1.12938,1.13125,1.13563
2003-06-09,1.2625,1.22875,1.2,1.18,1.16,1.14,1.135,1.13125,1.125,1.125,1.1325,1.1325
2003-06-10,1.24625,1.21,1.18,1.15875,1.13063,1.11,1.105,1.09875,1.09,1.09,1.09,1.09
2003-06-11,1.22,1.16875,1.14,1.1175,1.09,1.07,1.0625,1.0575,1.05125,1.05125,1.05125,1.05125
2003-06-12,1.18,1.13875,1.11875,1.1,1.08,1.06,1.0525,1.05,1.04625,1.04813,1.05,1.05
2003-06-13,1.14,1.11,1.0875,1.07,1.05,1.03,1.02125,1.0175,1.01,1.01,1.015,1.02
2003-06-16,1.1075,1.07625,1.06,1.04,1.02,1,0.99375,0.99,0.98,0.98,0.98688,0.99
2003-06-17,1.0925,1.07,1.055,1.04,1.02,1.01,1.0075,1,1,1.00563,1.01125,1.02
2003-06-18,1.10375,1.0775,1.065,1.055,1.045,1.03875,1.0375,1.03375,1.03375,1.0425,1.05188,1.06375
2003-06-19,1.0575,1.04375,1.0275,1.0175,1,0.9875,0.9875,0.9875,0.98625,0.99188,0.99625,1.005
2003-06-20,1.04375,1.03125,1.02,1.0125,1.0025,0.99875,0.99875,1,1.00125,1.0075,1.015,1.025
2003-06-23,1.035,1.025,1.01625,1.01,1,0.99875,0.99875,1,1,1.01,1.01875,1.02875
2003-06-24,1.0275,1.01875,1.00875,1,0.99125,0.99,0.99,0.99,0.99,1,1.00875,1.01875
2003-06-25,1.02,1.01,1,0.99125,0.98375,0.98,0.98,0.98,0.98,0.99,1,1.01
2003-06-26,1.11375,1.11,1.1,1.1,1.1,1.1,1.11,1.115,1.125,1.135,1.15,1.16375
2003-06-27,1.12,1.11625,1.11375,1.11438,1.11438,1.1225,1.13,1.13688,1.145,1.16,1.17875,1.2
2003-06-30,1.12,1.11813,1.11625,1.11625,1.11781,1.11938,1.125,1.13,1.14,1.15625,1.17188,1.19
2003-07-01,1.12,1.1125,1.11,1.11,1.11,1.1175,1.12,1.12656,1.13,1.14,1.15,1.16125
2003-07-02,1.12,1.11,1.11,1.11,1.11,1.12,1.125,1.13,1.14,1.15625,1.17,1.18938
2003-07-03,1.1175,1.11,1.11,1.11,1.11,1.12,1.125,1.13,1.14,1.155,1.17,1.18813
2003-07-04,1.11625,1.11,1.11,1.11,1.11,1.12,1.12,1.1275,1.13,1.14,1.1525,1.17
2003-07-07,1.11063,1.11,1.11,1.11,1.11,1.11875,1.12,1.12625,1.13,1.14,1.15625,1.17
2003-07-08,1.11,1.11,1.11,1.11,1.11,1.12,1.12563,1.13,1.14,1.15,1.16938,1.185
2003-07-09,1.11,1.11,1.11,1.11,1.11,1.12,1.1225,1.13,1.14,1.15,1.16375,1.18
2003-07-10,1.11,1.11,1.11,1.11,1.11,1.12,1.12,1.13,1.13563,1.145,1.16,1.17688
2003-07-11,1.10688,1.10688,1.10563,1.10563,1.10688,1.11,1.11438,1.12,1.125,1.13625,1.15063,1.165
2003-07-14,1.10313,1.10188,1.10313,1.10188,1.10438,1.11,1.11125,1.11938,1.12,1.13125,1.14438,1.16
2003-07-15,1.10125,1.1,1.1,1.1,1.1025,1.11,1.11875,1.12125,1.13,1.14,1.15563,1.17
2003-07-16,1.10125,1.1025,1.11,1.11125,1.12,1.13,1.14,1.14625,1.1575,1.175,1.195,1.215
2003-07-17,1.1,1.1,1.11,1.11,1.11,1.12,1.125,1.13,1.14,1.16,1.18,1.2
2003-07-18,1.1,1.1,1.11,1.11,1.11,1.12,1.12875,1.1325,1.14,1.16,1.18,1.2
2003-07-21,1.1,1.10125,1.11,1.11,1.11125,1.12,1.13,1.14,1.15,1.17,1.19,1.21125
2003-07-22,1.1,1.1,1.11,1.11,1.12,1.13,1.14,1.155,1.17,1.19,1.21,1.24
2003-07-23,1.1,1.1,1.11,1.11,1.11625,1.125,1.13375,1.14125,1.15375,1.175,1.1975,1.2225
2003-07-24,1.1,1.1,1.11,1.11,1.11,1.12,1.12875,1.13375,1.14,1.16,1.18,1.2
2003-07-25,1.1,1.1,1.11,1.11,1.11063,1.12375,1.1325,1.14,1.15,1.17,1.19,1.21
2003-07-28,1.1,1.1,1.11,1.11,1.11,1.12625,1.13625,1.145,1.15625,1.1775,1.1975,1.2175
2003-07-29,1.1,1.1,1.11,1.11,1.12,1.13875,1.14875,1.15875,1.17,1.1925,1.22,1.25
2003-07-30,1.10063,1.10875,1.11625,1.125,1.14,1.15,1.16063,1.17875,1.19875,1.22188,1.25,1.27875
2003-07-31,1.1,1.11,1.11438,1.12125,1.1375,1.14625,1.1575,1.17125,1.18688,1.2075,1.23625,1.26625
2003-08-01,1.1125,1.1225,1.14125,1.1625,1.19,1.21125,1.24125,1.2725,1.30875,1.34875,1.3925,1.43875
2003-08-04,1.11,1.12,1.14,1.16,1.19,1.21,1.235,1.2625,1.29,1.33125,1.37125,1.41375
2003-08-05,1.11,1.12,1.13875,1.15875,1.18,1.2,1.22375,1.25125,1.28,1.32,1.36,1.4
2003-08-06,1.11,1.12,1.14,1.16,1.19,1.21,1.24,1.27,1.3025,1.34125,1.38125,1.4225
2003-08-07,1.11,1.12,1.13688,1.15875,1.18,1.2,1.225,1.2525,1.28,1.32,1.36,1.4
2003-08-08,1.11,1.12,1.13,1.14813,1.16625,1.18,1.19938,1.22,1.24,1.27,1.30063,1.34
2003-08-11,1.11,1.12,1.13,1.15,1.17,1.18,1.2,1.2225,1.25,1.28,1.31375,1.35
2003-08-12,1.11,1.12,1.13,1.15,1.17375,1.18875,1.20875,1.23125,1.25875,1.2975,1.3375,1.37875
2003-08-13,1.11,1.12,1.13,1.14875,1.16875,1.18,1.2,1.2225,1.25,1.2825,1.32125,1.36
2003-08-14,1.11,1.12,1.13,1.15,1.17625,1.19,1.215,1.24125,1.27,1.31,1.35,1.39
2003-08-15,1.11,1.12,1.13,1.14875,1.17,1.18625,1.21,1.23625,1.26625,1.30625,1.34625,1.39
2003-08-18,1.11,1.12,1.13,1.15,1.17,1.19,1.2125,1.24125,1.27,1.31,1.35125,1.395
2003-08-19,1.11,1.12,1.13,1.15,1.17,1.19,1.21625,1.2425,1.27125,1.31125,1.35125,1.4
2003-08-20,1.11,1.12,1.13,1.14875,1.1675,1.18,1.2025,1.23125,1.26,1.2975,1.3375,1.37875
2003-08-21,1.11,1.12,1.13,1.15,1.17,1.19,1.2125,1.24,1.27,1.30875,1.35,1.39
2003-08-22,1.11,1.12438,1.14,1.16,1.18,1.20125,1.23125,1.26375,1.30125,1.34625,1.39625,1.4475
2003-08-25,.,.,.,.,.,.,.,.,.,.,.,.
2003-08-26,1.11,1.12,1.14,1.16,1.18125,1.21,1.2425,1.28125,1.32,1.3725,1.43,1.49
2003-08-27,1.11,1.12,1.14,1.16,1.18,1.2,1.23,1.26125,1.3,1.34625,1.3975,1.45375
2003-08-28,1.115,1.12125,1.14,1.17,1.19,1.21,1.24,1.28,1.32,1.36875,1.42125,1.48
2003-08-29,1.11938,1.12375,1.14,1.165,1.18438,1.1975,1.2225,1.25,1.28,1.3275,1.3775,1.43
2003-09-01,1.12,1.12438,1.14,1.16625,1.18688,1.20063,1.23,1.2625,1.2975,1.345,1.39625,1.4475
2003-09-02,1.12,1.12688,1.14,1.17,1.19,1.21,1.24375,1.28125,1.32125,1.375,1.43125,1.49125
2003-09-03,1.12,1.13,1.14563,1.17125,1.19125,1.21,1.2475,1.28375,1.3225,1.37375,1.43,1.49125
2003-09-04,1.12,1.13,1.14625,1.17,1.19,1.21,1.245,1.28,1.32,1.37,1.42,1.48
2003-09-05,1.12,1.13,1.14219,1.16938,1.18688,1.2,1.23,1.26,1.29,1.33,1.37625,1.42938
2003-09-08,1.12,1.13,1.14,1.16,1.17,1.18,1.2,1.22,1.24,1.27,1.30375,1.34063
2003-09-09,1.12,1.13,1.14,1.16,1.17,1.18,1.2,1.22,1.24,1.27625,1.31125,1.35125
2003-09-10,1.12,1.13,1.14,1.1575,1.16813,1.17875,1.19313,1.21,1.23,1.26125,1.2925,1.33
2003-09-11,1.12,1.13,1.14,1.1575,1.1675,1.17875,1.19125,1.21,1.23,1.25875,1.28875,1.32
2003-09-12,1.12,1.13,1.14,1.16,1.17,1.18,1.19875,1.21875,1.24,1.27,1.3025,1.34
2003-09-15,1.12,1.13,1.14,1.15875,1.16875,1.17875,1.19,1.20313,1.22,1.24938,1.27938,1.30875
2003-09-16,1.12,1.13,1.14,1.16,1.17,1.18,1.19,1.2025,1.22,1.24875,1.27875,1.31
2003-09-17,1.12,1.13,1.14,1.15875,1.1675,1.17813,1.19,1.20125,1.21563,1.2425,1.27,1.3
2003-09-18,1.12,1.13,1.14,1.1575,1.1675,1.1775,1.18875,1.20125,1.21625,1.245,1.2725,1.3
2003-09-19,1.12,1.13,1.14,1.16,1.17,1.18,1.19,1.20375,1.22,1.25,1.28125,1.32
2003-09-22,1.12,1.13,1.14,1.16,1.17,1.18,1.1975,1.21375,1.2325,1.265,1.3,1.33688
2003-09-23,1.12,1.13,1.14,1.16,1.17,1.18,1.19,1.20625,1.2225,1.255,1.29,1.3275
2003-09-24,1.12,1.13,1.14,1.16,1.17,1.18,1.19,1.20563,1.22125,1.2525,1.2875,1.3225
2003-09-25,1.12,1.13,1.14,1.16,1.17,1.18,1.19,1.20063,1.21875,1.2475,1.27875,1.31
2003-09-26,1.12,1.13,1.14,1.16,1.17,1.18,1.19,1.20063,1.21875,1.2475,1.2775,1.3075
2003-09-29,1.12,1.13,1.16,1.16625,1.17,1.18,1.19,1.2,1.21,1.23063,1.26,1.29
2003-09-30,1.12,1.13,1.16,1.16625,1.17,1.18,1.19,1.2025,1.22,1.24125,1.27,1.3
2003-10-01,1.12,1.13,1.15,1.15,1.15313,1.16,1.17,1.175,1.18125,1.2,1.22,1.24
2003-10-02,1.12,1.13,1.15,1.15,1.15,1.16,1.16563,1.17,1.18,1.2,1.22,1.24
2003-10-03,1.12,1.13,1.15,1.15,1.15063,1.16,1.16875,1.17625,1.1875,1.21,1.23,1.25875
2003-10-06,1.12,1.13,1.15,1.16,1.17,1.18,1.19875,1.21625,1.235,1.26875,1.3,1.34
2003-10-07,1.12,1.13,1.15,1.16,1.17,1.18,1.19313,1.21,1.23,1.26,1.29125,1.33
2003-10-08,1.12,1.13,1.15,1.16,1.17,1.18,1.19813,1.215,1.235,1.27,1.30125,1.34
2003-10-09,1.12,1.13,1.15,1.16,1.17,1.18,1.19438,1.21188,1.23063,1.2675,1.29625,1.335
2003-10-10,1.12,1.13,1.15,1.16,1.17,1.18,1.2,1.22,1.24,1.27,1.30813,1.34875
2003-10-13,1.12,1.13,1.15,1.16,1.17,1.18,1.19875,1.21625,1.2375,1.27,1.30625,1.3475
2003-10-14,1.12,1.13,1.15,1.16,1.17,1.185,1.205,1.22375,1.25,1.285,1.325,1.36625
2003-10-15,1.12,1.13,1.15625,1.165,1.175,1.19,1.21125,1.23125,1.26,1.29875,1.33813,1.37813
2003-10-16,1.12,1.13,1.16,1.17,1.1875,1.20625,1.23125,1.26125,1.29125,1.3325,1.37875,1.425
2003-10-17,1.12,1.1325,1.17,1.19,1.21125,1.24,1.27375,1.31375,1.35375,1.40125,1.45125,1.5
2003-10-20,1.12,1.13,1.17,1.1975,1.22125,1.25,1.29,1.33,1.375,1.425,1.47625,1.53375
2003-10-21,1.12,1.13,1.17,1.19563,1.22,1.24875,1.2825,1.3225,1.36375,1.4125,1.4625,1.51375
2003-10-22,1.12,1.13,1.17,1.19375,1.22,1.25,1.28875,1.3275,1.36875,1.41875,1.46875,1.52313
2003-10-23,1.12,1.13,1.16063,1.18,1.2,1.21688,1.2475,1.28,1.31313,1.35313,1.39625,1.445
2003-10-24,1.12,1.13,1.16313,1.18125,1.20125,1.22625,1.25875,1.29125,1.33,1.375,1.425,1.47875
2003-10-27,1.12,1.13,1.16125,1.18,1.2,1.22125,1.25,1.28938,1.32813,1.37,1.42,1.46875
2003-10-28,1.12,1.13,1.16938,1.18875,1.20875,1.2375,1.27,1.305,1.34625,1.39625,1.44625,1.49875
2003-10-29,1.12,1.13,1.16,1.17125,1.19,1.21,1.23625,1.2675,1.30125,1.34,1.38063,1.4275
2003-10-30,1.12,1.1625,1.1625,1.18,1.2,1.22,1.25,1.28,1.32,1.36,1.4075,1.46
2003-10-31,1.12,1.1625,1.16938,1.18875,1.20875,1.23,1.26125,1.3,1.34,1.38,1.42875,1.48
2003-11-03,1.12,1.16563,1.17,1.19,1.21,1.23,1.26125,1.3,1.34,1.38125,1.43125,1.48125
2003-11-04,1.12,1.16625,1.17,1.1975,1.21875,1.24,1.27,1.31,1.35,1.39875,1.45125,1.505
2003-11-05,1.12,1.16625,1.17,1.1975,1.21875,1.24,1.27,1.3,1.34,1.39,1.44125,1.4925
2003-11-06,1.12,1.16875,1.17,1.2,1.22,1.25,1.28,1.32,1.36,1.41,1.46,1.51375
2003-11-07,1.12,1.16875,1.17063,1.2,1.23,1.26,1.3,1.34,1.38375,1.43625,1.495,1.555
2003-11-10,1.12,1.17,1.18,1.21,1.24,1.27,1.31,1.35,1.4,1.45375,1.51375,1.575
2003-11-11,1.12,1.17,1.18,1.21,1.24,1.27,1.31,1.35,1.4,1.45375,1.5125,1.57375
2003-11-12,1.12,1.17,1.18,1.21,1.24,1.27,1.31,1.35875,1.405,1.46125,1.52,1.58
2003-11-13,1.12,1.17,1.18,1.21,1.24,1.27,1.31,1.35375,1.4,1.4525,1.51,1.57
2003-11-14,1.12,1.17,1.17125,1.2,1.22,1.24,1.27125,1.30375,1.34125,1.39,1.44,1.49
2003-11-17,1.12,1.16875,1.17,1.1825,1.20125,1.22,1.25,1.28,1.31,1.34875,1.39,1.43
2003-11-18,1.12,1.17,1.17,1.19,1.21,1.23,1.26,1.29,1.33,1.37,1.41375,1.46375
2003-11-19,1.12,1.17,1.17,1.18,1.2,1.22,1.24375,1.27375,1.30375,1.34375,1.38375,1.42875
2003-11-20,1.11875,1.16875,1.17,1.1875,1.20375,1.225,1.25375,1.285,1.32125,1.36125,1.405,1.455
2003-11-21,1.11875,1.16875,1.17,1.19,1.20375,1.22875,1.2575,1.28875,1.32,1.36125,1.405,1.45375
2003-11-24,1.1175,1.1675,1.17,1.18875,1.20375,1.23,1.26,1.2925,1.32938,1.37125,1.41813,1.47
2003-11-25,1.11875,1.16875,1.17,1.19,1.20625,1.23375,1.27125,1.31,1.35188,1.4,1.45125,1.50438
2003-11-26,1.11875,1.1675,1.17,1.19,1.205,1.23,1.26625,1.3025,1.34125,1.39,1.44,1.48938
2003-11-27,1.17,1.17,1.17313,1.2,1.22,1.25,1.29,1.33375,1.3825,1.43375,1.4875,1.54375
2003-11-28,1.17,1.17,1.17188,1.2,1.22875,1.25875,1.3,1.35,1.4,1.45,1.5025,1.5625
2003-12-01,1.17,1.17,1.17813,1.21,1.23625,1.27,1.31875,1.37,1.42,1.48,1.54,1.6
2003-12-02,1.17,1.17,1.18,1.21,1.24,1.27813,1.3275,1.3775,1.4325,1.49375,1.55625,1.61875
2003-12-03,1.17,1.17,1.18,1.21,1.24,1.28,1.33,1.38,1.43,1.49,1.55,1.6125
2003-12-04,1.17,1.17,1.18,1.21,1.24,1.28,1.33,1.3825,1.44,1.5,1.56125,1.63
2003-12-05,1.17,1.17,1.18,1.20125,1.23,1.26,1.30375,1.3525,1.40125,1.45875,1.51625,1.57625
2003-12-08,1.17,1.17,1.17125,1.19,1.21,1.23063,1.26125,1.29375,1.33,1.38,1.43,1.48
2003-12-09,1.16875,1.17,1.17,1.19,1.21,1.23125,1.265,1.30375,1.345,1.395,1.44625,1.49875
2003-12-10,1.16875,1.17,1.17,1.19,1.21,1.23625,1.2775,1.31625,1.36,1.41,1.46,1.52
2003-12-11,1.1625,1.17,1.17,1.19,1.21,1.23,1.27,1.31,1.35,1.4,1.45,1.5025
2003-12-12,1.15438,1.16,1.16813,1.18,1.19875,1.21625,1.24375,1.27375,1.3075,1.34625,1.3875,1.43875
2003-12-15,1.15,1.16,1.17,1.18563,1.2025,1.22375,1.255,1.285,1.32125,1.365,1.41125,1.46
2003-12-16,1.15,1.16,1.17,1.18,1.2,1.22,1.25,1.28,1.31375,1.3525,1.39625,1.44375
2003-12-17,1.15,1.16,1.17,1.18,1.2,1.21875,1.24,1.27,1.3,1.34,1.38,1.42875
2003-12-18,1.14875,1.15875,1.17,1.18,1.2,1.22,1.24125,1.27125,1.3025,1.3425,1.38375,1.4325
2003-12-19,1.14625,1.16,1.17,1.18,1.2,1.22,1.25,1.28,1.31625,1.36,1.4,1.44875
2003-12-22,1.14125,1.15938,1.17,1.18,1.19313,1.2125,1.2425,1.27125,1.3025,1.34375,1.3875,1.435
2003-12-23,1.14125,1.16,1.17,1.18,1.2,1.22563,1.255,1.28875,1.325,1.3675,1.41375,1.46188
2003-12-24,1.14,1.16,1.17,1.18375,1.20375,1.23,1.26,1.2975,1.335,1.38,1.42875,1.48
2003-12-25,.,.,.,.,.,.,.,.,.,.,.,.
2003-12-26,.,.,.,.,.,.,.,.,.,.,.,.
2003-12-29,1.13375,1.1525,1.1625,1.17375,1.1925,1.2125,1.24,1.27125,1.3025,1.3425,1.385,1.43
2003-12-30,1.12,1.13563,1.155,1.17375,1.19375,1.22,1.25,1.2825,1.32,1.3625,1.4075,1.46
2003-12-31,1.12,1.1325,1.15188,1.17375,1.19375,1.22,1.25,1.28,1.32,1.36125,1.405,1.45688
